Site,Morphospecies,Stage,Wings,Obs_ID,Notes
S2_F3_P6,Black_Psylloid,Adult,Yes,379,
S2_F3_P6,Black_Psylloid,Adult,Yes,380,
S2_F3_P6,Whitefly,Adult,Yes,381,
S2_F3_P6,Whitefly,Adult,Yes,382,
S2_F3_P6,Whitefly,Adult,Yes,383,
S2_F3_P6,Whitefly,Adult,Yes,384,
S2_F3_P6,Aphid_Green,Adult,No,385,
S2_F3_P6,Aphid_Green,Adult,No,386,
S2_F3_P7,Aphid_Green,Adult,No,387,
S2_F3_P7,Fly_Orange,Adult,Yes,388,
S2_F3_P7,Black_Psylloid,Adult,Yes,389,
S2_F3_P7,Minute_Brown_Scavenger_Beetle_sp._1,Adult,Yes,390,
S2_F3_P7,Minute_Brown_Scavenger_Beetle_sp._1,Adult,Yes,391,
S2_F3_P8,Dark_Mottled_Spider,Adult,No,392,
S2_F3_P8,Black_Psylloid,Adult,Yes,393,
S2_F3_P8,Aphid_Green,Adult,No,394,
S2_F3_P8,Sheet_Dwarf_sp.,Adult,No,395,
S2_F3_P8,Small_Fly,Adult,Yes,396,
S2_F3_P9,Aphid_Green,Adult,No,397,
S2_F3_P9,Black_Psylloid,Adult,Yes,398,
S2_F3_P9,Sword_Tailed_Cricket_Sp.,Adult,No,399,
S2_F3_P9,Typical_Orbweaver_sp.,Adult,No,400,
S2_F3_P10,Aphid_Green,Adult,No,401,
S2_F3_P10,Aphid_Green,Adult,No,402,
S2_F3_P10,Black_Psylloid,Adult,Yes,403,
S2_F3_P10,Whitefly,Adult,Yes,404,
S2_F3_P10,Whitefly,Adult,Yes,405,
S2_F3_P10,Minute_Brown_Scavenger_Beetle_sp._1,Adult,Yes,406,
S2_F3_P10,Red_Hemiptera,Adult,No,407,
S2_F3_P10,Small_Brown_Spider,Adult,No,408,
S2_F3_P15,Black_Psylloid,Adult,Yes,409,
S2_F3_P15,Black_Psylloid,Adult,Yes,410,
S2_F3_P15,Black_Psylloid,Adult,Yes,411,
S2_F3_P15,Black_Psylloid,Adult,Yes,412,
S2_F3_P15,Whitefly,Adult,Yes,413,
S2_F3_P15,Whitefly,Adult,Yes,414,
S2_F3_P15,Small_Brown_Spider_2,Adult,No,415,
S2_F3_P14,Small_Brown_Spider_3,Adult,No,416,
S2_F3_P14,Whitefly,Adult,Yes,417,
S2_F3_P13,Lean_Lynx_Spider,Adult,No,418,
S2_F3_P13,Brown_Spider,Adult,No,419,
S2_F3_P13,Brown_Spider,Adult,No,420,
S2_F3_P13,Dark_Mottled_Spider,Adult,No,421,
S2_F3_P13,Small_Fly,Adult,Yes,422,
S2_F3_P12,Angulate_and_Roundshouldered_Orbweavers_Sp._2,Adult,No,423,
S2_F3_P12,Orb_Weaving_Small,Adult,No,424,
S2_F3_P12,Honey_Bee,Adult,Yes,425,
S2_F3_P12,Brown_Spider_Small,Adult,No,426,
S2_F3_P12,Black_Psylloid,Adult,Yes,427,
S2_F3_P12,Aphid_Green,Adult,No,428,
S2_F3_P12,Non-biting_Midge_Sp._1,Adult,Yes,429,
S2_F3_P11,Aphid_Green,Adult,No,430,
S2_F3_P11,Small_Hemi_Red,Adult,,431,
S2_F3_P11,Seed_Bugs&Allies_sp.,Adult,Yes,432,
S2_F3_P11,Sword_Tailed_Cricket_Sp.,Adult,No,433,
S2_F3_P11,White_Butterfly,Adult,Yes,434,
S2_F3_P11,Black_Psylloid,Adult,Yes,435,
S2_F3_P11,Orb_Weaver_Pale,Adult,No,436,
S2_F3_P16,Brown_Spider,Adult,No,437,
S2_F3_P16,Hemi_Light,Adult,Yes,438,
S2_F3_P16,Black_Psylloid,Adult,Yes,439,
S2_F3_P16,Seed_Bugs&Allies_sp.2,Adult,Yes,440,
S2_F3_P16,Black_Brown_Spider,Adult,No,441,
S2_F3_P16,Medium_Spider,Adult,No,442,
S2_F3_P17,Aphid_Green,Adult,No,443,
S2_F3_P17,Small_Brown_Spider,Adult,No,444,
S2_F3_P17,Black_Psylloid,Adult,Yes,445,
S2_F3_P17,Brown_Spider,Adult,No,446,
S2_F3_P17,Fly_Orange,Adult,Yes,447,
S2_F3_P18,Black_Psylloid,Adult,Yes,448,
S2_F3_P19,Brown_Spider,Adult,No,449,
S2_F3_P19,Hemi_Light,Adult,Yes,450,
S2_F3_P19,Brown_Spider,Adult,No,451,
S2_F3_P19,Sheet_Dwarf_sp._2,Adult,No,452,
S2_F3_P20,Black_Psylloid,Adult,Yes,453,
S2_F3_P20,Whitefly,Adult,Yes,454,
S2_F3_P20,Whitefly,Adult,Yes,455,
S2_F3_P20,Whitefly,Adult,Yes,456,
S2_F3_P20,Typical_Orbweaver_sp.,Adult,No,457,
S2_F3_P20,Angulate_and_Roundshouldered_Orbweavers_Sp._3,Adult,No,458,
S2_F3_P20,Brown_Spider,Adult,No,459,
S2_F3_P20,Triangular_Headed_Spider,Adult,No,460,
S2_F3_P20,Spur-throated_Locust,Adult,Yes,461,
S2_F3_P5,Whitefly,Adult,Yes,462,
S2_F3_P5,Whitefly,Adult,Yes,463,
S2_F3_P5,Red_Blue_Beetle,Adult,Yes,464,
S2_F3_P5,Hemi_Light,Adult,Yes,465,
S2_F3_P5,Hemi_Light,Adult,Yes,466,
S2_F3_P5,Hemi_Light,Adult,Yes,467,
S2_F3_P5,Sheet_Dwarf_sp.,Adult,No,468,
S2_F3_P5,Spider_Unknown,Adult,No,469,
S2_F3_P4,Whitefly,Adult,Yes,470,
S2_F3_P4,Typical_Orbweaver_sp.,Adult,No,471,
S2_F3_P4,Seed_Bugs&Allies_sp.,Adult,Yes,472,
S2_F3_P4,Black_Brown_Spider,Adult,No,473,
S2_F3_P3,Typical_Orbweaver_sp.,Adult,No,474,
S2_F3_P3,Whitefly,Adult,Yes,475,
S2_F3_P3,Angulate_and_Roundshouldered_Orbweavers_Sp._2,Adult,No,476,
S2_F3_P2,Aphid_Green,Adult,No,477,
S2_F3_P2,Aphid_Green,Adult,No,478,
S2_F3_P2,Aphid_Green,Adult,No,479,
S2_F3_P2,Aphid_Green,Adult,No,480,
S2_F3_P2,Aphid_Green,Adult,No,481,
S2_F3_P2,Pale_Psyllid,Adult,Yes,482,
S2_F3_P2,Brown_Mottled_Moth,Adult,Yes,483,
S2_F3_P1,Variable_Ladybug,Adult,Yes,484,
S2_F3_P1,Whitefly,Adult,Yes,485,
S2_F3_P1,Non-biting_Midge_Sp._1,Adult,Yes,486,
S2_F3_P1,Green_Vegetable_Bug,Larva,Yes,487,Instar 1 or 2
S2_F3_P21,Whitefly,Adult,Yes,488,
S2_F3_P21,Whitefly,Adult,Yes,489,
S2_F3_P21,Minute_Brown_Scavenger_Beetle_sp._3,Adult,Yes,490,
S2_F3_P22,Aphid_Green,Adult,No,491,
S2_F3_P22,Aphid_Green,Adult,No,492,
S2_F3_P22,Small_Brown_Spider,Adult,No,493,
S2_F3_P22,Black_Psylloid,Adult,Yes,494,
S2_F3_P22,Brown_Spider_2,Adult,No,495,
S2_F3_P23,Whitefly,Adult,Yes,496,
S2_F3_P23,Minute_Brown_Scavenger_Beetle_sp._3,Adult,No,497,
S2_F3_P24,Whitefly,Adult,Yes,498,
S2_F3_P24,Whitefly,Adult,Yes,499,
S2_F3_P24,Whitefly,Adult,Yes,500,
S2_F3_P25,Whitefly,Adult,Yes,501,
S2_F3_P25,Whitefly,Adult,Yes,502,
S2_F3_P25,Whitefly,Adult,Yes,503,
S2_F3_P25,Minute_Brown_Scavenger_Beetle_sp._3,Adult,Yes,504,
S2_F3_P25,Minute_Brown_Scavenger_Beetle_sp._3,Adult,Yes,505,
S2_F3_P25,Aphid_Green,Adult,No,506,
S2_F6_P1,Seed_Bugs&Allies_sp.,Adult,Yes,507,
S2_F6_P1,Fly_Orange,Adult,Yes,508,
S2_F6_P1,Rosopaella_Leafhopper,Adult,Yes,509,
S2_F6_P1,Green_Lacewing,Larva,No,510,
S2_F6_P1,Fly_With_Pale_Under_Abdomen,Adult,Yes,511,
S2_F6_P1,Fly_With_Pale_Under_Abdomen,Adult,Yes,512,
S2_F6_P1,Brown_Spider,Adult,No,513,
S2_F6_P1,Brown_Spider,Adult,No,514,
S2_F6_P1,Whitefly,Adult,Yes,515,
S2_F6_P1,Whitefly,Adult,Yes,516,
S2_F6_P1,Whitefly,Adult,Yes,517,
S2_F6_P1,Whitefly,Adult,Yes,518,
S2_F6_P1,Whitefly,Adult,Yes,519,
S2_F6_P1,Whitefly,Adult,Yes,520,
S2_F6_P1,Whitefly,Adult,Yes,521,
S2_F6_P1,Whitefly,Adult,Yes,522,
S2_F6_P1,Whitefly,Adult,Yes,523,
S2_F6_P1,Whitefly,Adult,Yes,524,
S2_F6_P1,Whitefly,Adult,Yes,525,
S2_F6_P1,Whitefly,Adult,Yes,526,
S2_F6_P1,Whitefly,Adult,Yes,527,
S2_F6_P1,Whitefly,Adult,Yes,528,
S2_F6_P1,Whitefly,Adult,Yes,529,
S2_F6_P1,Whitefly,Adult,Yes,530,
S2_F6_P1,Whitefly,Adult,Yes,531,
S2_F6_P1,Whitefly,Adult,Yes,532,
S2_F6_P1,Whitefly,Adult,Yes,533,
S2_F6_P1,Whitefly,Adult,Yes,534,
S2_F6_P1,Whitefly,Adult,Yes,535,
S2_F6_P1,Whitefly,Adult,Yes,536,
S2_F6_P1,Whitefly,Adult,Yes,537,
S2_F6_P1,Whitefly,Adult,Yes,538,
S2_F6_P1,Whitefly,Adult,Yes,539,
S2_F6_P1,Whitefly,Adult,Yes,540,
S2_F6_P1,Whitefly,Adult,Yes,541,
S2_F6_P1,Whitefly,Adult,Yes,542,
S2_F6_P1,Whitefly,Adult,Yes,543,
S2_F6_P1,Whitefly,Adult,Yes,544,
S2_F6_P1,Whitefly,Adult,Yes,545,
S2_F6_P4,Whitefly,Adult,Yes,546,
S2_F6_P4,Whitefly,Adult,Yes,547,
S2_F6_P4,Whitefly,Adult,Yes,548,
S2_F6_P4,Whitefly,Adult,Yes,549,
S2_F6_P4,Whitefly,Adult,Yes,550,
S2_F6_P4,Whitefly,Adult,Yes,551,
S2_F6_P4,Whitefly,Adult,Yes,552,
S2_F6_P4,Wolf_spider,Adult,Yes,553,
S2_F6_P4,Aphid_Green,Adult,Yes,554,
S2_F6_P4,Minute_Brown_Scavenger_Beetle_sp._3,Adult,Yes,555,
S2_F6_P4,Aphid_Orange,Adult,Yes,556,
S2_F6_P4,Hairy_Fungus_Beetle_Sp.,Adult,Yes,557,
S2_F6_P7,Brown_Fly,Adult,Yes,558,
S2_F6_P7,Brown_Fly,Adult,Yes,559,
S2_F6_P7,Fly_Orange,Adult,Yes,560,
S2_F6_P7,Minute_Brown_Scavenger_Beetle_sp._3,Adult,Yes,561,
S2_F6_P7,Whitefly,Adult,Yes,562,
S2_F6_P7,Whitefly,Adult,Yes,563,
S2_F6_P7,Whitefly,Adult,Yes,564,
S2_F6_P7,Whitefly,Adult,Yes,565,
S2_F6_P7,Whitefly,Adult,Yes,566,
S2_F6_P7,Whitefly,Adult,Yes,567,
S2_F6_P7,Whitefly,Adult,Yes,568,
S2_F6_P7,Whitefly,Adult,Yes,569,
S2_F6_P7,Whitefly,Adult,Yes,570,
S2_F6_P7,Whitefly,Adult,Yes,571,
S2_F6_P7,Whitefly,Adult,Yes,572,
S2_F6_P7,Whitefly,Adult,Yes,573,
S2_F6_P10,Black_Fly_2,Adult,Yes,574,
S2_F6_P10,Hairy_Fungus_Beetle_Sp.,Adult,Yes,575,
S2_F6_P10,Non-biting_Midge_Black,Adult,Yes,576,
S2_F6_P10,Whitefly,Adult,Yes,577,
S2_F6_P10,Whitefly,Adult,Yes,578,
S2_F6_P10,Whitefly,Adult,Yes,579,
S2_F6_P10,Whitefly,Adult,Yes,580,
S2_F6_P10,Whitefly,Adult,Yes,581,
S2_F6_P10,Whitefly,Adult,Yes,582,
S2_F6_P10,Whitefly,Adult,Yes,583,
S2_F6_P10,Whitefly,Adult,Yes,584,
S2_F6_P10,Whitefly,Adult,Yes,585,
S2_F6_P10,Whitefly,Adult,Yes,586,
S2_F6_P10,Whitefly,Adult,Yes,587,
S2_F6_P10,Whitefly,Adult,Yes,588,
S2_F6_P10,Whitefly,Adult,Yes,589,
S2_F6_P10,Whitefly,Adult,Yes,590,
S2_F6_P10,Whitefly,Adult,Yes,591,
S2_F6_P10,Whitefly,Adult,Yes,592,
S2_F6_P10,Whitefly,Adult,Yes,593,
S2_F6_P13,Non-biting_Midge_Sp._1,Adult,Yes,594,
S2_F6_P13,Small_Brown_Spider,Adult,No,595,
S2_F6_P13,Seed_Bugs&Allies_sp.,Adult,Yes,596,
S2_F6_P13,Hairy_Fungus_Beetle_Sp.,Adult,Yes,597,
S2_F6_P13,Whitefly,Adult,Yes,598,
S2_F6_P13,Whitefly,Adult,Yes,599,
S2_F6_P13,Whitefly,Adult,Yes,600,
S2_F6_P13,Whitefly,Adult,Yes,601,
S2_F6_P13,Whitefly,Adult,Yes,602,
S2_F6_P13,Whitefly,Adult,Yes,603,
S2_F6_P13,Whitefly,Adult,Yes,604,
S2_F6_P13,Whitefly,Adult,Yes,605,
S2_F6_P13,Whitefly,Adult,Yes,606,
S2_F6_P13,Whitefly,Adult,Yes,607,
S2_F6_P13,Whitefly,Adult,Yes,608,
S2_F6_P13,Whitefly,Adult,Yes,609,
S2_F6_P13,Whitefly,Adult,Yes,610,
S2_F6_P13,Whitefly,Adult,Yes,611,
S2_F6_P16,Rosopaella_Leafhopper,Adult,Yes,612,
S2_F6_P16,Fly_Orange,Adult,Yes,613,
S2_F6_P16,Black_Psylloid,Adult,Yes,614,
S2_F6_P16,Whitefly,Adult,Yes,615,
S2_F6_P16,Whitefly,Adult,Yes,616,
S2_F6_P16,Whitefly,Adult,Yes,617,
S2_F6_P16,Whitefly,Adult,Yes,618,
S2_F6_P16,Whitefly,Adult,Yes,619,
S2_F6_P16,Whitefly,Adult,Yes,620,
S2_F6_P16,Whitefly,Adult,Yes,621,
S2_F6_P19,Whitefly,Adult,Yes,622,
S2_F6_P19,Whitefly,Adult,Yes,623,
S2_F6_P19,Tiny_Hemi,Adult,Yes,624,
S2_F6_P19,Tiny_Hemi,Adult,Yes,625,
S2_F6_P19,Common_House_Fly,Adult,Yes,626,
S2_F6_P20,Common_House_Fly,Adult,Yes,627,
S2_F6_P20,Minute_Brown_Scavenger_Beetle_sp._3,Adult,Yes,628,
S2_F6_P20,Brown_Fly,Adult,Yes,629,
S2_F6_P20,Whitefly,Adult,Yes,630,
S2_F6_P20,Whitefly,Adult,Yes,631,
S2_F6_P20,Whitefly,Adult,Yes,632,
S2_F6_P20,Whitefly,Adult,Yes,633,
S2_F6_P20,Whitefly,Adult,Yes,634,
S2_F6_P20,Whitefly,Adult,Yes,635,
S2_F6_P20,Whitefly,Adult,Yes,636,
S2_F6_P20,Whitefly,Adult,Yes,637,
S2_F6_P20,Whitefly,Adult,Yes,638,
S2_F6_P17,Small_Brown_Spider,Adult,No,639,
S2_F6_P17,Spider_Unknown,Adult,No,640,
S2_F6_P17,Whitefly,Adult,Yes,641,
S2_F6_P17,Whitefly,Adult,Yes,642,
S2_F6_P17,Whitefly,Adult,Yes,643,
S2_F6_P17,Whitefly,Adult,Yes,644,
S2_F6_P17,Whitefly,Adult,Yes,645,
S2_F6_P17,Whitefly,Adult,Yes,646,
S2_F6_P17,Whitefly,Adult,Yes,647,
S2_F6_P17,Whitefly,Adult,Yes,648,
S2_F6_P14,Seed_Bugs&Allies_sp.,Adult,Yes,649,
S2_F6_P14,Seed_Bugs&Allies_sp.,Adult,Yes,650,
S2_F6_P14,Black_Psylloid,Adult,Yes,651,
S2_F6_P14,Fly_With_Pale_Under_Abdomen,Adult,Yes,652,
S2_F6_P14,Minute_Brown_Scavenger_Beetle_sp._3,Adult,Yes,653,
S2_F6_P14,Small_Brown_Spider_2,Adult,No,654,
S2_F6_P14,Whitefly,Adult,Yes,655,
S2_F6_P14,Whitefly,Adult,Yes,656,
S2_F6_P14,Whitefly,Adult,Yes,657,
S2_F6_P14,Whitefly,Adult,Yes,658,
S2_F6_P14,Whitefly,Adult,Yes,659,
S2_F6_P14,Whitefly,Adult,Yes,660,
S2_F6_P14,Whitefly,Adult,Yes,661,
S2_F6_P14,Whitefly,Adult,Yes,662,
S2_F6_P14,Whitefly,Adult,Yes,663,
S2_F6_P14,Whitefly,Adult,Yes,664,
S2_F6_P14,Whitefly,Adult,Yes,665,
S2_F6_P14,Whitefly,Adult,Yes,666,
S2_F6_P14,Whitefly,Adult,Yes,667,
S2_F6_P14,Whitefly,Adult,Yes,668,
S2_F6_P14,Whitefly,Adult,Yes,669,
S2_F6_P11,Fly_Orange,Adult,Yes,670,
S2_F6_P11,Minute_Brown_Scavenger_Beetle_sp._3,Adult,Yes,671,
S2_F6_P11,Whitefly,Adult,Yes,672,
S2_F6_P11,Whitefly,Adult,Yes,673,
S2_F6_P11,Whitefly,Adult,Yes,674,
S2_F6_P11,Whitefly,Adult,Yes,675,
S2_F6_P11,Whitefly,Adult,Yes,676,
S2_F6_P11,Whitefly,Adult,Yes,677,
S2_F6_P11,Whitefly,Adult,Yes,678,
S2_F6_P11,Whitefly,Adult,Yes,679,
S2_F6_P11,Whitefly,Adult,Yes,680,
S2_F6_P11,Whitefly,Adult,Yes,681,
S2_F6_P8,Spider_Unknown,Adult,No,682,
S2_F6_P8,Minute_Brown_Scavenger_Beetle_sp._3,Adult,Yes,683,
S2_F6_P8,Minute_Brown_Scavenger_Beetle_sp._3,Adult,Yes,684,
S2_F6_P8,Minute_Brown_Scavenger_Beetle_sp._3,Adult,Yes,685,
S2_F6_P8,Mite_sp._1,Adult,No,686,
S2_F6_P8,Whitefly,Adult,Yes,687,
S2_F6_P8,Whitefly,Adult,Yes,688,
S2_F6_P8,Whitefly,Adult,Yes,689,
S2_F6_P8,Whitefly,Adult,Yes,690,
S2_F6_P8,Whitefly,Adult,Yes,691,
S2_F6_P8,Whitefly,Adult,Yes,692,
S2_F6_P8,Whitefly,Adult,Yes,693,
S2_F6_P8,Whitefly,Adult,Yes,694,
S2_F6_P8,Whitefly,Adult,Yes,695,
S2_F6_P8,Whitefly,Adult,Yes,696,
S2_F6_P8,Whitefly,Adult,Yes,697,
S2_F6_P8,Whitefly,Adult,Yes,698,
S2_F6_P8,Whitefly,Adult,Yes,699,
S2_F6_P8,Whitefly,Adult,Yes,700,
S2_F6_P8,Whitefly,Adult,Yes,701,
S2_F6_P8,Whitefly,Adult,Yes,702,
S2_F6_P8,Whitefly,Adult,Yes,703,
S2_F6_P8,Whitefly,Adult,Yes,704,
S2_F6_P8,Whitefly,Adult,Yes,705,
S2_F6_P8,Whitefly,Adult,Yes,706,
S2_F6_P8,Whitefly,Adult,Yes,707,
S2_F6_P5,Fly_Orange,Adult,Yes,708,
S2_F6_P5,Aphid_Orange,Adult,,709,
S2_F6_P5,Angulate_and_Roundshouldered_Orbweavers_Sp._2,Adult,No,710,
S2_F6_P5,Ninja-star_Ceiling_Spider,Adult,No,711,
S2_F6_P5,Whitefly,Adult,Yes,712,
S2_F6_P5,Whitefly,Adult,Yes,713,
S2_F6_P5,Whitefly,Adult,Yes,714,
S2_F6_P5,Whitefly,Adult,Yes,715,
S2_F6_P5,Whitefly,Adult,Yes,716,
S2_F6_P5,Whitefly,Adult,Yes,717,
S2_F6_P5,Whitefly,Adult,Yes,718,
S2_F6_P5,Whitefly,Adult,Yes,719,
S2_F6_P5,Whitefly,Adult,Yes,720,
S2_F6_P5,Whitefly,Adult,Yes,721,
S2_F6_P5,Whitefly,Adult,Yes,722,
S2_F6_P5,Whitefly,Adult,Yes,723,
S2_F6_P5,Whitefly,Adult,Yes,724,
S2_F6_P5,Whitefly,Adult,Yes,725,
S2_F6_P5,Whitefly,Adult,Yes,726,
S2_F6_P5,Whitefly,Adult,Yes,727,
S2_F6_P5,Whitefly,Adult,Yes,728,
S2_F6_P5,Whitefly,Adult,Yes,729,
S2_F6_P2,Silver_Orb_Spider,Adult,No,730,
S2_F6_P2,Ray_Orbweaver_sp.,Adult,No,731,
S2_F6_P2,Whitefly,Adult,Yes,732,
S2_F6_P2,Whitefly,Adult,Yes,733,
S2_F6_P2,Whitefly,Adult,Yes,734,
S2_F6_P2,Whitefly,Adult,Yes,735,
S2_F6_P2,Whitefly,Adult,Yes,736,
S2_F6_P2,Whitefly,Adult,Yes,737,
S2_F6_P2,Whitefly,Adult,Yes,738,
S2_F6_P2,Whitefly,Adult,Yes,739,
S2_F6_P2,Whitefly,Adult,Yes,740,
S2_F6_P2,Whitefly,Adult,Yes,741,
S2_F6_P2,Whitefly,Adult,Yes,742,
S2_F6_P2,Whitefly,Adult,Yes,743,
S2_F6_P2,Whitefly,Adult,Yes,744,
S2_F6_P2,Whitefly,Adult,Yes,745,
S2_F6_P2,Whitefly,Adult,Yes,746,
S2_F6_P2,Whitefly,Adult,Yes,747,
S2_F6_P2,Whitefly,Adult,Yes,748,
S2_F6_P2,Whitefly,Adult,Yes,749,
S2_F6_P2,Whitefly,Adult,Yes,750,
S2_F6_P2,Whitefly,Adult,Yes,751,
S2_F6_P2,Whitefly,Adult,Yes,752,
S2_F6_P2,Whitefly,Adult,Yes,753,
S2_F6_P2,Whitefly,Adult,Yes,754,
S2_F6_P2,Whitefly,Adult,Yes,755,
S2_F6_P2,Whitefly,Adult,Yes,756,
S2_F6_P2,Whitefly,Adult,Yes,757,
S2_F6_P2,Whitefly,Adult,Yes,758,
S2_F6_P2,Whitefly,Adult,Yes,759,
S2_F6_P2,Whitefly,Adult,Yes,760,
S2_F6_P2,Whitefly,Adult,Yes,761,
S2_F6_P2,Whitefly,Adult,Yes,762,
S2_F6_P2,Whitefly,Adult,Yes,763,
S2_F6_P2,Whitefly,Adult,Yes,764,
S2_F6_P2,Whitefly,Adult,Yes,765,
S2_F6_P2,Whitefly,Adult,Yes,766,
S2_F6_P2,Whitefly,Adult,Yes,767,
S2_F6_P2,Whitefly,Adult,Yes,768,
S2_F6_P2,Whitefly,Adult,Yes,769,
S2_F6_P2,Whitefly,Adult,Yes,770,
S2_F6_P3,Silver_Orb_Spider,Adult,No,771,
S2_F6_P3,Orb_Weaving_Medium,Adult,No,772,
S2_F6_P3,Shiny_Flower_Beetle_sp.,Adult,No,773,
S2_F6_P3,Whitefly,Adult,Yes,774,
S2_F6_P3,Whitefly,Adult,Yes,775,
S2_F6_P3,Whitefly,Adult,Yes,776,
S2_F6_P3,Whitefly,Adult,Yes,777,
S2_F6_P3,Whitefly,Adult,Yes,778,
S2_F6_P3,Whitefly,Adult,Yes,779,
S2_F6_P3,Whitefly,Adult,Yes,780,
S2_F6_P3,Whitefly,Adult,Yes,781,
S2_F6_P3,Whitefly,Adult,Yes,782,
S2_F6_P3,Whitefly,Adult,Yes,783,
S2_F6_P3,Whitefly,Adult,Yes,784,
S2_F6_P3,Whitefly,Adult,Yes,785,
S2_F6_P3,Whitefly,Adult,Yes,786,
S2_F6_P3,Whitefly,Adult,Yes,787,
S2_F6_P3,Whitefly,Adult,Yes,788,
S2_F6_P3,Whitefly,Adult,Yes,789,
S2_F6_P3,Whitefly,Adult,Yes,790,
S2_F6_P3,Whitefly,Adult,Yes,791,
S2_F6_P3,Whitefly,Adult,Yes,792,
S2_F6_P3,Whitefly,Adult,Yes,793,
S2_F6_P3,Whitefly,Adult,Yes,794,
S2_F6_P3,Whitefly,Adult,Yes,795,
S2_F6_P3,Whitefly,Adult,Yes,796,
S2_F6_P3,Whitefly,Adult,Yes,797,
S2_F6_P3,Whitefly,Adult,Yes,798,
S2_F6_P3,Whitefly,Adult,Yes,799,
S2_F6_P3,Whitefly,Adult,Yes,800,
S2_F6_P3,Whitefly,Adult,Yes,801,
S2_F6_P3,Whitefly,Adult,Yes,802,
S2_F6_P3,Whitefly,Adult,Yes,803,
S2_F6_P3,Whitefly,Adult,Yes,804,
S2_F6_P3,Whitefly,Adult,Yes,805,
S2_F6_P3,Whitefly,Adult,Yes,806,
S2_F6_P3,Whitefly,Adult,Yes,807,
S2_F6_P3,Whitefly,Adult,Yes,808,
S2_F6_P3,Whitefly,Adult,Yes,809,
S2_F6_P3,Whitefly,Adult,Yes,810,
S2_F6_P3,Whitefly,Adult,Yes,811,
S2_F6_P3,Whitefly,Adult,Yes,812,
S2_F6_P3,Whitefly,Adult,Yes,813,
S2_F6_P3,Whitefly,Adult,Yes,814,
S2_F6_P3,Whitefly,Adult,Yes,815,
S2_F6_P3,Whitefly,Adult,Yes,816,
S2_F6_P3,Whitefly,Adult,Yes,817,
S2_F6_P3,Whitefly,Adult,Yes,818,
S2_F6_P3,Whitefly,Adult,Yes,819,
S2_F6_P3,Whitefly,Adult,Yes,820,
S2_F6_P3,Whitefly,Adult,Yes,821,
S2_F6_P3,Whitefly,Adult,Yes,822,
S2_F6_P3,Whitefly,Adult,Yes,823,
S2_F6_P3,Whitefly,Adult,Yes,824,
S2_F6_P3,Whitefly,Adult,Yes,825,
S2_F6_P3,Whitefly,Adult,Yes,826,
S2_F6_P3,Whitefly,Adult,Yes,827,
S2_F6_P3,Whitefly,Adult,Yes,828,
S2_F6_P3,Whitefly,Adult,Yes,829,
S2_F6_P3,Whitefly,Adult,Yes,830,
S2_F6_P3,Whitefly,Adult,Yes,831,
S2_F6_P3,Whitefly,Adult,Yes,832,
S2_F6_P3,Whitefly,Adult,Yes,833,
S2_F6_P3,Whitefly,Adult,Yes,834,
S2_F6_P3,Whitefly,Adult,Yes,835,
S2_F6_P3,Whitefly,Adult,Yes,836,
S2_F6_P3,Whitefly,Adult,Yes,837,
S2_F6_P3,Whitefly,Adult,Yes,838,
S2_F6_P3,Whitefly,Adult,Yes,839,
S2_F6_P3,Whitefly,Adult,Yes,840,
S2_F6_P3,Whitefly,Adult,Yes,841,
S2_F6_P3,Whitefly,Adult,Yes,842,
S2_F6_P3,Whitefly,Adult,Yes,843,
S2_F6_P3,Whitefly,Adult,Yes,844,
S2_F6_P3,Whitefly,Adult,Yes,845,
S2_F6_P3,Whitefly,Adult,Yes,846,
S2_F6_P3,Whitefly,Adult,Yes,847,
S2_F6_P3,Whitefly,Adult,Yes,848,
S2_F6_P3,Whitefly,Adult,Yes,849,
S2_F6_P3,Whitefly,Adult,Yes,850,
S2_F6_P3,Whitefly,Adult,Yes,851,
S2_F6_P3,Whitefly,Adult,Yes,852,
S2_F6_P3,Whitefly,Adult,Yes,853,
S2_F6_P3,Whitefly,Adult,Yes,854,
S2_F6_P3,Whitefly,Adult,Yes,855,
S2_F6_P3,Whitefly,Adult,Yes,856,
S2_F6_P3,Whitefly,Adult,Yes,857,
S2_F6_P3,Whitefly,Adult,Yes,858,
S2_F6_P3,Whitefly,Adult,Yes,859,
S2_F6_P3,Whitefly,Adult,Yes,860,
S2_F6_P3,Whitefly,Adult,Yes,861,
S2_F6_P3,Whitefly,Adult,Yes,862,
S2_F6_P3,Whitefly,Adult,Yes,863,
S2_F6_P3,Whitefly,Adult,Yes,864,
S2_F6_P3,Whitefly,Adult,Yes,865,
S2_F6_P3,Whitefly,Adult,Yes,866,
S2_F6_P3,Whitefly,Adult,Yes,867,
S2_F6_P3,Whitefly,Adult,Yes,868,
S2_F6_P3,Whitefly,Adult,Yes,869,
S2_F6_P3,Whitefly,Adult,Yes,870,
S2_F6_P3,Whitefly,Adult,Yes,871,
S2_F6_P3,Whitefly,Adult,Yes,872,
S2_F6_P3,Whitefly,Adult,Yes,873,
S2_F6_P3,Whitefly,Adult,Yes,874,
S2_F6_P3,Whitefly,Adult,Yes,875,
S2_F6_P3,Whitefly,Adult,Yes,876,
S2_F6_P3,Whitefly,Adult,Yes,877,
S2_F6_P3,Whitefly,Adult,Yes,878,
S2_F6_P3,Whitefly,Adult,Yes,879,
S2_F6_P3,Whitefly,Adult,Yes,880,
S2_F6_P3,Whitefly,Adult,Yes,881,
S2_F6_P3,Whitefly,Adult,Yes,882,
S2_F6_P3,Whitefly,Adult,Yes,883,
S2_F6_P3,Whitefly,Adult,Yes,884,
S2_F6_P3,Whitefly,Adult,Yes,885,
S2_F6_P3,Whitefly,Adult,Yes,886,
S2_F6_P3,Whitefly,Adult,Yes,887,
S2_F6_P3,Whitefly,Adult,Yes,888,
S2_F6_P3,Whitefly,Adult,Yes,889,
S2_F6_P3,Whitefly,Adult,Yes,890,
S2_F6_P3,Whitefly,Adult,Yes,891,
S2_F6_P3,Whitefly,Adult,Yes,892,
S2_F6_P3,Whitefly,Adult,Yes,893,
S2_F6_P3,Whitefly,Adult,Yes,894,
S2_F6_P3,Whitefly,Adult,Yes,895,
S2_F6_P3,Whitefly,Adult,Yes,896,
S2_F6_P3,Whitefly,Adult,Yes,897,
S2_F6_P3,Whitefly,Adult,Yes,898,
S2_F6_P3,Whitefly,Adult,Yes,899,
S2_F6_P3,Whitefly,Adult,Yes,900,
S2_F6_P3,Whitefly,Adult,Yes,901,
S2_F6_P3,Whitefly,Adult,Yes,902,
S2_F6_P3,Whitefly,Adult,Yes,903,
S2_F6_P3,Whitefly,Adult,Yes,904,
S2_F6_P3,Whitefly,Adult,Yes,905,
S2_F6_P3,Whitefly,Adult,Yes,906,
S2_F6_P3,Whitefly,Adult,Yes,907,
S2_F6_P3,Whitefly,Adult,Yes,908,
S2_F6_P3,Whitefly,Adult,Yes,909,
S2_F6_P3,Whitefly,Adult,Yes,910,
S2_F6_P3,Whitefly,Adult,Yes,911,
S2_F6_P3,Whitefly,Adult,Yes,912,
S2_F6_P3,Whitefly,Adult,Yes,913,
S2_F6_P3,Whitefly,Adult,Yes,914,
S2_F6_P3,Whitefly,Adult,Yes,915,
S2_F6_P3,Whitefly,Adult,Yes,916,
S2_F6_P3,Whitefly,Adult,Yes,917,
S2_F6_P3,Whitefly,Adult,Yes,918,
S2_F6_P3,Whitefly,Adult,Yes,919,
S2_F6_P3,Whitefly,Adult,Yes,920,
S2_F6_P3,Whitefly,Adult,Yes,921,
S2_F6_P3,Whitefly,Adult,Yes,922,
S2_F6_P3,Whitefly,Adult,Yes,923,
S2_F6_P3,Whitefly,Adult,Yes,924,
S2_F6_P3,Whitefly,Adult,Yes,925,
S2_F6_P3,Whitefly,Adult,Yes,926,
S2_F6_P3,Whitefly,Adult,Yes,927,
S2_F6_P3,Whitefly,Adult,Yes,928,
S2_F6_P3,Whitefly,Adult,Yes,929,
S2_F6_P3,Whitefly,Adult,Yes,930,
S2_F6_P3,Whitefly,Adult,Yes,931,
S2_F6_P3,Whitefly,Adult,Yes,932,
S2_F6_P3,Whitefly,Adult,Yes,933,
S2_F6_P3,Whitefly,Adult,Yes,934,
S2_F6_P3,Whitefly,Adult,Yes,935,
S2_F6_P3,Whitefly,Adult,Yes,936,
S2_F6_P3,Whitefly,Adult,Yes,937,
S2_F6_P3,Whitefly,Adult,Yes,938,
S2_F6_P3,Whitefly,Adult,Yes,939,
S2_F6_P3,Whitefly,Adult,Yes,940,
S2_F6_P3,Whitefly,Adult,Yes,941,
S2_F6_P3,Whitefly,Adult,Yes,942,
S2_F6_P3,Whitefly,Adult,Yes,943,
S2_F6_P3,Whitefly,Adult,Yes,944,
S2_F6_P3,Whitefly,Adult,Yes,945,
S2_F6_P3,Whitefly,Adult,Yes,946,
S2_F6_P3,Whitefly,Adult,Yes,947,
S2_F6_P3,Whitefly,Adult,Yes,948,
S2_F6_P3,Whitefly,Adult,Yes,949,
S2_F6_P3,Whitefly,Adult,Yes,950,
S2_F6_P3,Whitefly,Adult,Yes,951,
S2_F6_P3,Whitefly,Adult,Yes,952,
S2_F6_P3,Whitefly,Adult,Yes,953,
S2_F6_P6,Common_House_Fly,Adult,Yes,954,
S2_F6_P6,Seed_Bugs&Allies_sp.,Adult,Yes,955,
S2_F6_P6,Minute_Brown_Scavenger_Beetle_sp._3,Adult,Yes,956,
S2_F6_P6,Minute_Brown_Scavenger_Beetle_sp._3,Adult,Yes,957,
S2_F6_P6,Non-biting_Midge_Black,Adult,Yes,958,
S2_F6_P6,Hoverfly,Adult,Yes,959,
S2_F6_P6,Whitefly,Adult,Yes,960,
S2_F6_P6,Whitefly,Adult,Yes,961,
S2_F6_P6,Whitefly,Adult,Yes,962,
S2_F6_P6,Whitefly,Adult,Yes,963,
S2_F6_P6,Whitefly,Adult,Yes,964,
S2_F6_P6,Whitefly,Adult,Yes,965,
S2_F6_P6,Whitefly,Adult,Yes,966,
S2_F6_P6,Whitefly,Adult,Yes,967,
S2_F6_P6,Whitefly,Adult,Yes,968,
S2_F6_P6,Whitefly,Adult,Yes,969,
S2_F6_P6,Whitefly,Adult,Yes,970,
S2_F6_P6,Whitefly,Adult,Yes,971,
S2_F6_P6,Whitefly,Adult,Yes,972,
S2_F6_P6,Whitefly,Adult,Yes,973,
S2_F6_P6,Whitefly,Adult,Yes,974,
S2_F6_P6,Whitefly,Adult,Yes,975,
S2_F6_P6,Whitefly,Adult,Yes,976,
S2_F6_P6,Whitefly,Adult,Yes,977,
S2_F6_P6,Whitefly,Adult,Yes,978,
S2_F6_P6,Whitefly,Adult,Yes,979,
S2_F6_P6,Whitefly,Adult,Yes,980,
S2_F6_P6,Whitefly,Adult,Yes,981,
S2_F6_P6,Whitefly,Adult,Yes,982,
S2_F6_P6,Whitefly,Adult,Yes,983,
S2_F6_P6,Whitefly,Adult,Yes,984,
S2_F6_P6,Whitefly,Adult,Yes,985,
S2_F6_P6,Whitefly,Adult,Yes,986,
S2_F6_P6,Whitefly,Adult,Yes,987,
S2_F6_P6,Whitefly,Adult,Yes,988,
S2_F6_P6,Whitefly,Adult,Yes,989,
S2_F6_P6,Whitefly,Adult,Yes,990,
S2_F6_P6,Whitefly,Adult,Yes,991,
S2_F6_P6,Whitefly,Adult,Yes,992,
S2_F6_P6,Whitefly,Adult,Yes,993,
S2_F6_P6,Whitefly,Adult,Yes,994,
S2_F6_P6,Whitefly,Adult,Yes,995,
S2_F6_P6,Whitefly,Adult,Yes,996,
S2_F6_P6,Whitefly,Adult,Yes,997,
S2_F6_P6,Whitefly,Adult,Yes,998,
S2_F6_P6,Whitefly,Adult,Yes,999,
S2_F6_P6,Whitefly,Adult,Yes,1000,
S2_F6_P6,Whitefly,Adult,Yes,1001,
S2_F6_P6,Whitefly,Adult,Yes,1002,
S2_F6_P6,Whitefly,Adult,Yes,1003,
S2_F6_P6,Whitefly,Adult,Yes,1004,
S2_F6_P6,Whitefly,Adult,Yes,1005,
S2_F6_P6,Whitefly,Adult,Yes,1006,
S2_F6_P6,Whitefly,Adult,Yes,1007,
S2_F6_P6,Whitefly,Adult,Yes,1008,
S2_F6_P6,Whitefly,Adult,Yes,1009,
S2_F6_P6,Whitefly,Adult,Yes,1010,
S2_F6_P6,Whitefly,Adult,Yes,1011,
S2_F6_P6,Whitefly,Adult,Yes,1012,
S2_F6_P6,Whitefly,Adult,Yes,1013,
S2_F6_P6,Whitefly,Adult,Yes,1014,
S2_F6_P6,Whitefly,Adult,Yes,1015,
S2_F6_P6,Whitefly,Adult,Yes,1016,
S2_F6_P6,Whitefly,Adult,Yes,1017,
S2_F6_P6,Whitefly,Adult,Yes,1018,
S2_F6_P6,Whitefly,Adult,Yes,1019,
S2_F6_P6,Whitefly,Adult,Yes,1020,
S2_F6_P6,Whitefly,Adult,Yes,1021,
S2_F6_P6,Whitefly,Adult,Yes,1022,
S2_F6_P6,Whitefly,Adult,Yes,1023,
S2_F6_P6,Whitefly,Adult,Yes,1024,
S2_F6_P9,Black_Psylloid,Adult,Yes,1025,
S2_F6_P9,Black_Psylloid,Adult,Yes,1026,
S2_F6_P9,Grasshopper_Medium,Adult,Yes,1027,
S2_F6_P9,Whitefly,Adult,Yes,1028,
S2_F6_P9,Whitefly,Adult,Yes,1029,
S2_F6_P9,Whitefly,Adult,Yes,1030,
S2_F6_P9,Whitefly,Adult,Yes,1031,
S2_F6_P9,Whitefly,Adult,Yes,1032,
S2_F6_P9,Whitefly,Adult,Yes,1033,
S2_F6_P9,Whitefly,Adult,Yes,1034,
S2_F6_P9,Whitefly,Adult,Yes,1035,
S2_F6_P9,Whitefly,Adult,Yes,1036,
S2_F6_P9,Whitefly,Adult,Yes,1037,
S2_F6_P9,Whitefly,Adult,Yes,1038,
S2_F6_P9,Whitefly,Adult,Yes,1039,
S2_F6_P9,Whitefly,Adult,Yes,1040,
S2_F6_P9,Whitefly,Adult,Yes,1041,
S2_F6_P9,Whitefly,Adult,Yes,1042,
S2_F6_P9,Whitefly,Adult,Yes,1043,
S2_F6_P9,Whitefly,Adult,Yes,1044,
S2_F6_P9,Whitefly,Adult,Yes,1045,
S2_F6_P9,Whitefly,Adult,Yes,1046,
S2_F6_P9,Whitefly,Adult,Yes,1047,
S2_F6_P9,Whitefly,Adult,Yes,1048,
S2_F6_P9,Whitefly,Adult,Yes,1049,
S2_F6_P9,Whitefly,Adult,Yes,1050,
S2_F6_P9,Whitefly,Adult,Yes,1051,
S2_F6_P9,Whitefly,Adult,Yes,1052,
S2_F6_P9,Whitefly,Adult,Yes,1053,
S2_F6_P9,Whitefly,Adult,Yes,1054,
S2_F6_P9,Whitefly,Adult,Yes,1055,
S2_F6_P9,Whitefly,Adult,Yes,1056,
S2_F6_P9,Whitefly,Adult,Yes,1057,
S2_F6_P9,Whitefly,Adult,Yes,1058,
S2_F6_P9,Whitefly,Adult,Yes,1059,
S2_F6_P9,Whitefly,Adult,Yes,1060,
S2_F6_P9,Whitefly,Adult,Yes,1061,
S2_F6_P9,Whitefly,Adult,Yes,1062,
S2_F6_P9,Whitefly,Adult,Yes,1063,
S2_F6_P9,Whitefly,Adult,Yes,1064,
S2_F6_P9,Whitefly,Adult,Yes,1065,
S2_F6_P9,Whitefly,Adult,Yes,1066,
S2_F6_P9,Whitefly,Adult,Yes,1067,
S2_F6_P9,Whitefly,Adult,Yes,1068,
S2_F6_P9,Whitefly,Adult,Yes,1069,
S2_F6_P12,Black_Psylloid,Adult,Yes,1070,
S2_F6_P12,Whitefly,Adult,Yes,1071,
S2_F6_P12,Whitefly,Adult,Yes,1072,
S2_F6_P12,Whitefly,Adult,Yes,1073,
S2_F6_P12,Whitefly,Adult,Yes,1074,
S2_F6_P12,Whitefly,Adult,Yes,1075,
S2_F6_P12,Whitefly,Adult,Yes,1076,
S2_F6_P12,Whitefly,Adult,Yes,1077,
S2_F6_P12,Whitefly,Adult,Yes,1078,
S2_F6_P12,Whitefly,Adult,Yes,1079,
S2_F6_P12,Whitefly,Adult,Yes,1080,
S2_F6_P12,Whitefly,Adult,Yes,1081,
S2_F6_P12,Whitefly,Adult,Yes,1082,
S2_F6_P12,Whitefly,Adult,Yes,1083,
S2_F6_P12,Whitefly,Adult,Yes,1084,
S2_F6_P15,Sheet_Dwarf_sp.,Adult,No,1085,
S2_F6_P15,Ray_Orbweaver_sp.,Adult,No,1086,
S2_F6_P15,Minute_Brown_Scavenger_Beetle_sp._3,Adult,Yes,1087,
S2_F6_P15,Whitefly,Adult,Yes,1088,
S2_F6_P15,Whitefly,Adult,Yes,1089,
S2_F6_P15,Whitefly,Adult,Yes,1090,
S2_F6_P15,Whitefly,Adult,Yes,1091,
S2_F6_P15,Whitefly,Adult,Yes,1092,
S2_F6_P15,Whitefly,Adult,Yes,1093,
S2_F6_P15,Whitefly,Adult,Yes,1094,
S2_F6_P15,Whitefly,Adult,Yes,1095,
S2_F6_P15,Whitefly,Adult,Yes,1096,
S2_F6_P15,Whitefly,Adult,Yes,1097,
S2_F6_P15,Whitefly,Adult,Yes,1098,
S2_F6_P15,Whitefly,Adult,Yes,1099,
S2_F6_P15,Whitefly,Adult,Yes,1100,
S2_F6_P15,Whitefly,Adult,Yes,1101,
S2_F6_P15,Whitefly,Adult,Yes,1102,
S2_F6_P18,Orbweaver_Black_White,Adult,No,1103,
S2_F6_P18,Black_Psylloid,Adult,Yes,1104,
S2_F6_P18,Minute_Brown_Scavenger_Beetle_sp._3,Adult,Yes,1105,
S2_F6_P18,Aphid_Orange,Adult,,1106,
S2_F6_P18,Whitefly,Adult,Yes,1107,
S2_F6_P18,Whitefly,Adult,Yes,1108,
S2_F6_P18,Whitefly,Adult,Yes,1109,
S2_F6_P18,Whitefly,Adult,Yes,1110,
S2_F6_P18,Whitefly,Adult,Yes,1111,
S2_F6_P18,Whitefly,Adult,Yes,1112,
S2_F6_P18,Whitefly,Adult,Yes,1113,
S2_F6_P18,Whitefly,Adult,Yes,1114,
S2_F6_P18,Whitefly,Adult,Yes,1115,
S2_F6_P18,Whitefly,Adult,Yes,1116,
S2_F6_P18,Whitefly,Adult,Yes,1117,
S2_F6_P18,Whitefly,Adult,Yes,1118,
S2_F6_P18,Whitefly,Adult,Yes,1119,
S2_F6_P18,Whitefly,Adult,Yes,1120,
S2_F6_P18,Whitefly,Adult,Yes,1121,
S2_F6_P18,Whitefly,Adult,Yes,1122,
S2_F6_P18,Whitefly,Adult,Yes,1123,
S2_F6_P18,Whitefly,Adult,Yes,1124,
S2_F6_P18,Whitefly,Adult,Yes,1125,
S2_F6_P18,Whitefly,Adult,Yes,1126,
S2_F6_P18,Whitefly,Adult,Yes,1127,
S2_F6_P18,Whitefly,Adult,Yes,1128,
S2_F6_P18,Whitefly,Adult,Yes,1129,
S2_F6_P18,Whitefly,Adult,Yes,1130,
S2_F6_P18,Whitefly,Adult,Yes,1131,
S2_F6_P18,Whitefly,Adult,Yes,1132,
S2_F6_P18,Whitefly,Adult,Yes,1133,
S2_F6_P18,Whitefly,Adult,Yes,1134,
S2_F6_P18,Whitefly,Adult,Yes,1135,
S2_F6_P18,Whitefly,Adult,Yes,1136,
S2_F6_P21,Sheet_Dwarf_sp.,Adult,No,1137,
S2_F6_P21,Orb_Weaving_Small,Adult,No,1138,
S2_F6_P21,Brown_Spider,Adult,No,1139,
S2_F6_P21,Minute_Brown_Scavenger_Beetle_sp._3,Adult,Yes,1140,
S2_F6_P21,Hairy_Fungus_Beetle_Sp.,Adult,Yes,1141,
S2_F6_P21,Whitefly,Adult,Yes,1142,
S2_F6_P21,Whitefly,Adult,Yes,1143,
S2_F6_P21,Whitefly,Adult,Yes,1144,
S2_F6_P21,Whitefly,Adult,Yes,1145,
S2_F6_P21,Whitefly,Adult,Yes,1146,
S2_F6_P21,Whitefly,Adult,Yes,1147,
S2_F6_P21,Whitefly,Adult,Yes,1148,
S2_F6_P21,Whitefly,Adult,Yes,1149,
S2_F6_P21,Whitefly,Adult,Yes,1150,
S2_F6_P21,Whitefly,Adult,Yes,1151,
S2_F6_P21,Whitefly,Adult,Yes,1152,
S2_F6_P21,Whitefly,Adult,Yes,1153,
S2_F6_P21,Whitefly,Adult,Yes,1154,
S2_F6_P21,Whitefly,Adult,Yes,1155,
S2_F6_P21,Whitefly,Adult,Yes,1156,
S2_F6_P21,Whitefly,Adult,Yes,1157,
S2_F6_P21,Whitefly,Adult,Yes,1158,
S2_F6_P21,Whitefly,Adult,Yes,1159,
S2_F6_P21,Whitefly,Adult,Yes,1160,
S2_F6_P21,Whitefly,Adult,Yes,1161,
S2_F6_P21,Whitefly,Adult,Yes,1162,
S3_F7_P25,Mosquito_sp._3,Adult,Yes,1163,
S3_F7_P25,Minute_Brown_Scavenger_Beetle_sp._3,Adult,No,1164,
S3_F7_P25,Small_Brown_Spider,Adult,No,1165,
S3_F7_P21,Pale_Spider,Adult,No,1166,
S3_F7_P21,Seed_Bugs&Allies_sp.,Adult,Yes,1167,
S3_F7_P21,Seed_Bugs&Allies_sp.,Adult,Yes,1168,
S3_F7_P21,Seed_Bugs&Allies_sp.,Adult,Yes,1169,
S3_F7_P21,Leaf-curling_Orbweaver_sp.,Adult,No,1170,
S3_F7_P21,Green_Vegetable_Bug,Adult,Yes,1171,
S3_F7_P21,Whitefly,Adult,Yes,1172,
S3_F7_P21,Non-biting_Midge_Sp._1,Adult,Yes,1173,
S3_F7_P21,Common_House_Fly,Adult,Yes,1174,
S3_F7_P17,Green_Vegetable_Bug,Adult,Yes,1175,
S3_F7_P17,Green_Vegetable_Bug,Adult,Yes,1176,
S3_F7_P17,Green_Vegetable_Bug,Adult,Yes,1177,
S3_F7_P17,Medium_Black_Beetle,Adult,Yes,1178,
S3_F7_P17,Whitefly,Adult,Yes,1179,
S3_F7_P13,Whitefly,Adult,Yes,1180,
S3_F7_P13,Whitefly,Adult,Yes,1181,
S3_F7_P13,Whitefly,Adult,Yes,1182,
S3_F7_P13,Aphid_Green,Adult,No,1183,
S3_F7_P13,Aphid_Green,Adult,No,1184,
S3_F7_P13,Dark_Spider,Adult,No,1185,
S3_F7_P9,Green_Vegetable_Bug,Adult,Yes,1186,
S3_F7_P9,Green_Vegetable_Bug,Adult,Yes,1187,
S3_F7_P9,Whitefly,Adult,Yes,1188,
S3_F7_P9,Whitefly,Adult,Yes,1189,
S3_F7_P9,Longlegged_Sac_Spider,Adult,No,1190,
S3_F7_P9,Longlegged_Sac_Spider,Adult,No,1191,
S3_F7_P5,Leaf_Hopper_Pale_Green,Adult,Yes,1192,
S3_F7_P5,Common_House_Fly,Adult,Yes,1193,
S3_F7_P5,Striped_Orb_Weaver,Adult,No,1194,
S3_F7_P5,Dark_Spider,Adult,No,1195,
S3_F7_P5,Pacific_Damsel_Bug,Adult,Yes,1196,
S3_F7_P1,Hoverfly,Adult,Yes,1197,
S3_F7_P1,Lean_Lynx_Spider,Adult,No,1198,
S3_F7_P1,Small_Brown_Spider_3,Adult,No,1199,
S3_F7_P28,Pale_Spider,Adult,No,1200,
S3_F7_P28,Green_Vegetable_Bug,Adult,Yes,1201,
S3_F7_P28,Seed_Bugs&Allies_sp.,Adult,Yes,1202,
S3_F7_P28,Seed_Bugs&Allies_sp.,Adult,Yes,1203,
S3_F7_P24,Pale_Spider_3,Adult,No,1204,
S3_F7_P24,Pale_Spider_2,Adult,No,1205,
S3_F7_P24,Small_Brown_Spider,Adult,No,1206,
S3_F7_P24,Small_Brown_Spider,Adult,No,1207,
S3_F7_P20,Pale_Spider,Adult,No,1208,
S3_F7_P20,Pale_Spider,Adult,No,1209,
S3_F7_P20,Narrow-waisted_Wasp_sp.,Adult,Yes,1210,
S3_F7_P20,Narrow-waisted_Wasp_sp.,Adult,Yes,1211,
S3_F7_P20,Whitefly,Adult,Yes,1212,
S3_F7_P16,Whitefly,Adult,Yes,1213,
S3_F7_P16,Whitefly,Adult,Yes,1214,
S3_F7_P16,Whitefly,Adult,Yes,1215,
S3_F7_P16,Aphid_Green,Adult,No,1216,
S3_F7_P16,Aphid_Green,Adult,No,1217,
S3_F7_P16,Green_Vegetable_Bug,Adult,Yes,1218,
S3_F7_P16,Small_Brown_Spider,Adult,No,1219,
S3_F7_P12,Brown_Moth,Adult,Yes,1220,
S3_F7_P12,Pale_Brown_Spider,Adult,No,1221,
S3_F7_P12,Pale_Spider,Adult,No,1222,
S3_F7_P12,Small_Brown_Spider_3,Adult,No,1223,
S3_F7_P12,Aphid_Green,Adult,No,1224,
S3_F7_P12,Aphid_Green,Adult,No,1225,
S3_F7_P12,Aphid_Green,Adult,No,1226,
S3_F7_P8,Aphid_Green,Adult,No,1227,
S3_F7_P4,Aphid_Green,Adult,No,1228,
S3_F7_P4,Dark_Spider,Adult,No,1229,
S3_F7_P4,Black_Weevil,Adult,No,1230,
S3_F7_P4,Pale_Fly,Adult,Yes,1231,
S3_F7_P27,Aphid_Green,Adult,No,1232,
S3_F7_P27,Aphid_Green,Adult,No,1233,
S3_F7_P27,Aphid_Green,Adult,No,1234,
S3_F7_P27,Aphid_Green,Adult,No,1235,
S3_F7_P27,Aphid_Green,Adult,No,1236,
S3_F7_P27,Whitefly,Adult,Yes,1237,
S3_F7_P27,Whitefly,Adult,Yes,1238,
S3_F7_P27,Whitefly,Adult,Yes,1239,
S3_F7_P27,Whitefly,Adult,Yes,1240,
S3_F7_P27,Mite_sp._2,Adult,No,1241,
S3_F7_P27,Moth_Pupa,Pupa,No,1242,
S3_F7_P27,Spider_Unknown,Adult,No,1243,
S3_F7_P27,Caterpillar_3,Larva,No,1244,
S3_F7_P23,Whitefly,Adult,Yes,1245,
S3_F7_P23,Whitefly,Adult,Yes,1246,
S3_F7_P23,Whitefly,Adult,Yes,1247,
S3_F7_P23,Whitefly,Adult,Yes,1248,
S3_F7_P23,Fly_Orange_2,Adult,Yes,1249,
S3_F7_P23,Brown_Lacewing,Adult,Yes,1250,
S3_F7_P19,Aphid_Green,Adult,No,1251,
S3_F7_P19,Aphid_Green,Adult,No,1252,
S3_F7_P19,Aphid_Green,Adult,No,1253,
S3_F7_P19,Whitefly,Adult,Yes,1254,
S3_F7_P19,Whitefly,Adult,Yes,1255,
S3_F7_P19,Whitefly,Adult,Yes,1256,
S3_F7_P19,Whitefly,Adult,Yes,1257,
S3_F7_P19,Whitefly,Adult,Yes,1258,
S3_F7_P15,Aphid_Green,Adult,No,1259,
S3_F7_P15,Aphid_Green,Adult,No,1260,
S3_F7_P15,Aphid_Green,Adult,No,1261,
S3_F7_P15,Whitefly,Adult,Yes,1262,
S3_F7_P15,Whitefly,Adult,Yes,1263,
S3_F7_P15,Whitefly,Adult,Yes,1264,
S3_F7_P15,Whitefly,Adult,Yes,1265,
S3_F7_P15,Whitefly,Adult,Yes,1266,
S3_F7_P15,Whitefly,Adult,Yes,1267,
S3_F7_P15,Black_Wasp,Adult,Yes,1268,
S3_F7_P15,Black_Wasp,Adult,Yes,1269,
S3_F7_P11,Aphid_Green,Adult,No,1270,
S3_F7_P11,Common_House_Fly,Adult,Yes,1271,
S3_F7_P11,Orb_Weaving_Small,Adult,No,1272,
S3_F7_P11,Black_Wasp,Adult,Yes,1273,
S3_F7_P7,Aphid_Green,Adult,Yes,1274,
S3_F7_P7,Whitefly,Adult,Yes,1275,
S3_F7_P7,Whitefly,Adult,Yes,1276,
S3_F7_P7,Whitefly,Adult,Yes,1277,
S3_F7_P7,Whitefly,Adult,Yes,1278,
S3_F7_P7,Whitefly,Adult,Yes,1279,
S3_F7_P7,Mite_sp._2,Adult,No,1280,
S3_F7_P7,Green_Vegetable_Bug,Adult,Yes,1281,
S3_F7_P7,Common_House_Fly,Adult,Yes,1282,
S3_F7_P7,Angulate_Spotted,Adult,No,1283,
S3_F7_P3,Aphid_Green,Adult,No,1284,
S3_F7_P3,Aphid_Green,Adult,No,1285,
S3_F7_P3,Whitefly,Adult,Yes,1286,
S3_F7_P3,Whitefly,Adult,Yes,1287,
S3_F7_P3,Whitefly,Adult,Yes,1288,
S3_F7_P3,Whitefly,Adult,Yes,1289,
S3_F7_P3,Whitefly,Adult,Yes,1290,
S3_F7_P3,Pale_Spider,Adult,No,1291,
S3_F7_P3,Narrow-waisted_Wasp_sp.,Adult,Yes,1292,
S3_F7_P3,Seed_Bugs&Allies_sp.,Adult,Yes,1293,
S3_F7_P3,Brown_Spider,Adult,No,1294,
S3_F7_P3,Green_Vegetable_Bug,Adult,Yes,1295,
S3_F7_P3,Green_Vegetable_Bug,Adult,Yes,1296,
S3_F7_P3,Red_Fly,Adult,Yes,1297,
S3_F7_P26,Whitefly,Adult,Yes,1298,
S3_F7_P26,Whitefly,Adult,Yes,1299,
S3_F7_P26,Whitefly,Adult,Yes,1300,
S3_F7_P26,Whitefly,Adult,Yes,1301,
S3_F7_P26,Whitefly,Adult,Yes,1302,
S3_F7_P26,Whitefly,Adult,Yes,1303,
S3_F7_P26,Whitefly,Adult,Yes,1304,
S3_F7_P26,Red_Fly,Adult,Yes,1305,
S3_F7_P26,Dark_Brown_Hemi,Adult,Yes,1306,
S3_F7_P22,Whitefly,Adult,Yes,1307,
S3_F7_P22,Whitefly,Adult,Yes,1308,
S3_F7_P22,Whitefly,Adult,Yes,1309,
S3_F7_P22,Whitefly,Adult,Yes,1310,
S3_F7_P22,Whitefly,Adult,Yes,1311,
S3_F7_P22,Whitefly,Adult,Yes,1312,
S3_F7_P22,Whitefly,Adult,Yes,1313,
S3_F7_P22,Whitefly,Adult,Yes,1314,
S3_F7_P22,Whitefly,Adult,Yes,1315,
S3_F7_P22,Aphid_Green,Adult,No,1316,
S3_F7_P22,Aphid_Green,Adult,No,1317,
S3_F7_P22,Aphid_Green,Adult,No,1318,
S3_F7_P22,Pacific_Damsel_Bug,Adult,Yes,1319,
S3_F7_P22,Brown_Spider,Adult,No,1320,
S3_F7_P22,Aphid_Clear,Adult,Yes,1321,
S3_F7_P22,Dark_Brown_Hemi,Adult,Yes,1322,
S3_F7_P22,Dark_Brown_Hemi,Adult,Yes,1323,
S3_F7_P22,Large_Orb_Weaving,Adult,No,1324,
S3_F7_P18,Aphid_Green,Adult,No,1325,
S3_F7_P18,Aphid_Green,Adult,No,1326,
S3_F7_P18,Aphid_Green,Adult,No,1327,
S3_F7_P18,Aphid_Green,Adult,No,1328,
S3_F7_P18,Whitefly,Adult,Yes,1329,
S3_F7_P18,Whitefly,Adult,Yes,1330,
S3_F7_P18,Whitefly,Adult,Yes,1331,
S3_F7_P18,Whitefly,Adult,Yes,1332,
S3_F7_P18,Whitefly,Adult,Yes,1333,
S3_F7_P18,Whitefly,Adult,Yes,1334,
S3_F7_P18,Whitefly,Adult,Yes,1335,
S3_F7_P18,Whitefly,Adult,Yes,1336,
S3_F7_P18,Brown_Spider,Adult,No,1337,
S3_F7_P18,Spider_Unknown,Adult,No,1338,
S3_F7_P18,Small_Brown_Spider,Adult,No,1339,
S3_F7_P14,Green_Vegetable_Bug,Adult,Yes,1340,
S3_F7_P14,Whitefly,Adult,Yes,1341,
S3_F7_P14,Whitefly,Adult,Yes,1342,
S3_F7_P14,Mosquito_sp._3,Adult,Yes,1343,
S3_F7_P10,Whitefly,Adult,Yes,1344,
S3_F7_P10,Whitefly,Adult,Yes,1345,
S3_F7_P10,Aphid_Green,Adult,No,1346,
S3_F7_P10,Green_Vegetable_Bug,Adult,Yes,1347,
S3_F7_P10,Pale_Spider,Adult,No,1348,
S3_F7_P10,Common_House_Fly,Adult,Yes,1349,
S3_F7_P6,Whitefly,Adult,No,1350,
S3_F7_P6,Whitefly,Adult,Yes,1351,
S3_F7_P6,Aphid_Green,Adult,No,1352,
S3_F7_P6,Sheet_Dwarf_Sp. 4,Adult,Yes,1353,
S3_F7_P6,Common_House_Fly,Adult,No,1354,
S3_F7_P6,Black_Jumping_Spider,Adult,Yes,1355,
S3_F7_P2,Whitefly,Adult,Yes,1356,
S3_F7_P2,Spider_Unknown,Adult,No,1357,
S3_F7_P2,Small_Brown_Spider,Adult,No,1358,
S3_F7_P2,Minute_Brown_Scavenger_Beetle_sp._3,Adult,Yes,1359,
S3_F7_P2,Minute_Brown_Scavenger_Beetle_sp._3,Adult,Yes,1360,
S3_F7_P2,Parasitic_Wasp_Grub,Adult,No,1361,
S3_F7_P2,Medium_White_Spider,Adult,No,1362,
S4_F8_P20,Whitefly,Adult,Yes,1363,
S4_F8_P20,Small_Ant_2,Adult,No,1364,
S4_F8_P17,Whitefly,Adult,Yes,1365,
S4_F8_P17,Whitefly,Adult,Yes,1366,
S4_F8_P17,Black_Psylloid,Adult,Yes,1367,
S4_F8_P14,Whitefly,Adult,Yes,1368,
S4_F8_P14,Aphid_Green,Adult,No,1369,
S4_F8_P14,Lynx_Spider_sp.,Adult,No,1370,
S4_F8_P11,Whitefly,Adult,Yes,1371,
S4_F8_P11,Black_Psylloid,Adult,Yes,1372,
S4_F8_P11,Common_House_Fly,Adult,Yes,1373,
S4_F8_P11,Seed_Bugs&Allies_sp.,Adult,Yes,1374,
S4_F8_P8,Whitefly,Adult,Yes,1375,
S4_F8_P8,Whitefly,Adult,Yes,1376,
S4_F8_P8,Whitefly,Adult,Yes,1377,
S4_F8_P8,Silver_Orb_Spider,Adult,No,1378,
S4_F8_P8,Small_Black_Beetle,Adult,Yes,1379,
S4_F8_P6,Black_Psylloid,Adult,Yes,1380,
S4_F8_P6,Black_Psylloid,Adult,Yes,1381,
S4_F8_P6,Whitefly,Adult,Yes,1382,
S4_F8_P6,Small_Black_Beetle,Adult,Yes,1383,
S4_F8_P6,Small_Black_Beetle,Adult,Yes,1384,
S4_F8_P6,Orbweaver_Thick_Line,Adult,No,1385,
S4_F8_P3,Black_Psylloid,Adult,Yes,1386,
S4_F8_P3,Whitefly,Adult,Yes,1387,
S4_F8_P5,Spider_Brown,Adult,No,1388,
S4_F8_P5,Black_Psylloid,Adult,Yes,1389,
S4_F8_P7,Black_Psylloid,Adult,Yes,1390,
S4_F8_P7,Whitefly,Adult,Yes,1391,
S4_F8_P7,Brown_Lacewing,Larva,No,1392,
S4_F8_P7,Small_Brown_Spider_3,Adult,No,1393,
S4_F8_P10,Small_Brown_Spider_3,Adult,No,1394,
S4_F8_P13,Whitefly,Adult,Yes,1395,
S4_F8_P16,Whitefly,Adult,Yes,1396,
S4_F8_P16,Caterpillar_2,Larva,No,1397,
S4_F8_P16,Orbweaver_Thick_Line,Adult,No,1398,
S4_F8_P19,Whitefly,Adult,Yes,1399,
S4_F8_P19,Whitefly,Adult,Yes,1400,
S4_F8_P18,Whitefly,Adult,Yes,1401,
S4_F8_P15,Fly_Brown,Adult,Yes,1402,
S4_F8_P15,Fly_Black,Adult,Yes,1403,
S4_F8_P15,Orbweaver_Thick_Line,Adult,No,1404,
S4_F8_P15,Brown/Orange_Leaf_Hopper,Adult,Yes,1405,
S4_F8_P12,Fly_Black,Adult,Yes,1406,
S4_F8_P12,Fly_Black,Adult,Yes,1407,
S4_F8_P4,Ray_Orbweaver_sp.2,Adult,No,1408,
S4_F8_P1,Whitefly,Adult,Yes,1409,
S4_F8_P1,Whitefly,Adult,Yes,1410,
S4_F8_P1,Whitefly,Adult,Yes,1411,
S4_F9_P4,Whitefly,Adult,Yes,1412,
S4_F9_P4,Whitefly,Adult,Yes,1413,
S4_F9_P4,Whitefly,Adult,Yes,1414,
S4_F9_P4,Hoverfly,Adult,Yes,1415,
S4_F9_P4,Brown_Wasp,Adult,Yes,1416,
S4_F9_P8,Black_Psylloid,Adult,Yes,1417,
S4_F9_P8,Black_Psylloid,Adult,Yes,1418,
S4_F9_P8,Black_Psylloid,Adult,Yes,1419,
S4_F9_P12,Whitefly,Adult,Yes,1420,
S4_F9_P12,Small_Black_Orb_Weaver,Adult,No,1421,
S4_F9_P12,Black_Psylloid,Adult,Yes,1422,
S4_F9_P16,Black_Psylloid,Adult,Yes,1423,
S4_F9_P20,Whitefly,Adult,Yes,1424,
S4_F9_P20,Small_Brown_Spider_4,Adult,No,1425,
S4_F9_P24,Whitefly,Adult,Yes,1426,
S4_F9_P23,Small_Brown_Spider_3,Adult,No,1427,
S4_F9_P23,Whitefly,Adult,Yes,1428,
S4_F9_P23,Fly_Pale_Brown,Adult,Yes,1429,
S4_F9_P19,Non-biting_Midge_Sp._2,Adult,Yes,1430,
S4_F9_P18,Non-biting_Midge_Sp._2,Adult,Yes,1431,
S4_F9_P18,Brown_Lacewing,Adult,Yes,1432,
S4_F9_P18,Hoverfly,Adult,Yes,1433,
S4_F9_P18,Spur-throated_Locust,Adult,Yes,1434,
S4_F9_P22,Spotted_Amber_Ladybird,Adult,Yes,1435,
S4_F9_P22,Small_Yellow_Butterfly,Adult,Yes,1436,
S4_F9_P15,Small_Brown_Spider_3,Adult,No,1437,
S4_F9_P15,Green_Vegetable_Bug,Adult,Yes,1438,
S4_F9_P15,Transverse_Ladybug,Adult,Yes,1439,
S4_F9_P11,Whitefly,Adult,Yes,1440,
S4_F9_P11,Black_Psylloid,Adult,Yes,1441,
S4_F9_P11,Black_Psylloid,Adult,Yes,1442,
S4_F9_P11,Aphid_Green,Adult,No,1443,
S4_F9_P7,Black_Psylloid,Adult,Yes,1444,
S4_F9_P7,Small_Brown_Spider_3,Adult,No,1445,
S4_F9_P7,Small_Brown_Spider_3,Adult,No,1446,
S4_F9_P7,Hoverfly,Adult,Yes,1447,
S4_F9_P3,Whitefly,Adult,Yes,1448,
S4_F9_P3,Rosopaella_Leafhopper,Adult,Yes,1449,
S4_F9_P3,Spider_Medium_Mottled,Adult,No,1450,
S4_F9_P2,Black_Psylloid,Adult,Yes,1451,
S4_F9_P2,Black_Psylloid,Adult,Yes,1452,
S4_F9_P6,Small_Brown_Spider_3,Adult,No,1453,
S4_F9_P6,Seed_Bugs&Allies_sp.,Adult,Yes,1454,
S4_F9_P6,White_Butterfly,Adult,Yes,1455,
S4_F9_P6,Erigone_sp.,Adult,No,1456,
S4_F9_P10,Black_Psylloid,Adult,Yes,1457,
S4_F9_P10,Fly_Pale_Brown,Adult,Yes,1458,
S4_F9_P10,Spider_Brown_2,Adult,No,1459,
S4_F9_P14,Black_Psylloid,Adult,Yes,1460,
S4_F9_P14,Spider_Brown_Small,Adult,No,1461,
S4_F9_P14,Mosquito_sp._4,Adult,Yes,1462,
S4_F9_P21,Sheet_Dwarf_Sp. 5,Adult,No,1463,
S4_F9_P17,Non-biting_Midge_Sp._2,Adult,Yes,1464,
S4_F9_P17,Brown_Lacewing,Adult,Yes,1465,
S4_F9_P17,Whitefly,Adult,Yes,1466,
S4_F9_P13,Whitefly,Adult,Yes,1467,
S4_F9_P9,Garden_Jumping_Spider_Sp.,Adult,No,1468,
S4_F9_P1,Hoverfly,Adult,Yes,1469,
S4_F9_P1,Black_Psylloid,Adult,Yes,1470,
S5_F8_P3,Little_Hemi,Adult,Yes,1471,
S5_F8_P3,Minute_Brown_Scavenger_Beetle_sp._2,Adult,Yes,1472,
S5_F8_P3,Minute_Brown_Scavenger_Beetle_sp._2,Adult,Yes,1473,
S5_F8_P3,Minute_Brown_Scavenger_Beetle_sp._2,Adult,Yes,1474,
S5_F8_P3,Minute_Brown_Scavenger_Beetle_sp._2,Adult,Yes,1475,
S5_F8_P3,Minute_Brown_Scavenger_Beetle_sp._2,Adult,Yes,1476,
S5_F8_P3,Minute_Brown_Scavenger_Beetle_sp._2,Adult,Yes,1477,
S5_F8_P3,Mosquito_sp.,Adult,Yes,1478,
S5_F8_P6,Spider_Brown_Orb,Adult,No,1479,
S5_F8_P6,Heliocheilus,Larva,No,1480,
S5_F8_P6,Brown_Leaf_Hopper,Adult,Yes,1481,
S5_F8_P6,Brown_Hemi,Adult,Yes,1482,
S5_F8_P6,Minute_Brown_Scavenger_Beetle_sp._2,Adult,Yes,1483,
S5_F8_P6,Heliocheilus,Larva,No,1484,
S5_F8_P6,Minute_Brown_Scavenger_Beetle_sp._2,Adult,Yes,1485,
S5_F8_P6,Whitefly,Adult,Yes,1486,
S5_F8_P8,Spider_Brown_Orb,Adult,No,1487,
S5_F8_P8,Brown_Hemi,Adult,Yes,1488,
S5_F8_P11,Aphid_Green,Adult,No,1489,
S5_F8_P11,Minute_Brown_Scavenger_Beetle_sp._2,Adult,Yes,1490,
S5_F8_P11,Minute_Brown_Scavenger_Beetle_sp._2,Adult,Yes,1491,
S5_F8_P11,Brown_Hemi,Adult,Yes,1492,
S5_F8_P11,Spider_Brown_Orb_2,Adult,No,1493,
S5_F8_P11,Caterpillar_5,Larva,No,1494,
S5_F8_P11,Common_House_Fly,Adult,Yes,1495,
S5_F8_P14,Spider_Brown_Orb,Adult,No,1496,
S5_F8_P14,Fly_Unknown,Adult,Yes,1497,
S5_F8_P14,Brown_Hemi,Adult,Yes,1498,
S5_F8_P17,Minute_Brown_Scavenger_Beetle_sp._2,Adult,Yes,1499,
S5_F8_P17,Minute_Brown_Scavenger_Beetle_sp._2,Adult,Yes,1500,
S5_F8_P20,Whitefly,Adult,Yes,1501,
S5_F8_P20,Whitefly,Adult,Yes,1502,
S5_F8_P20,Fire_&_Thief_Ant_sp.,Adult,Yes,1503,
S5_F8_P20,Fire_&_Thief_Ant_sp.,Adult,No,1504,
S5_F8_P19,Brown_Lacewing,Adult,Yes,1505,
S5_F8_P19,Fire_&_Thief_Ant_sp.,Adult,Yes,1506,
S5_F8_P19,Fire_&_Thief_Ant_sp.,Adult,Yes,1507,
S5_F8_P19,Fire_&_Thief_Ant_sp.,Adult,Yes,1508,
S5_F8_P16,Fire_&_Thief_Ant_sp.,Adult,Yes,1509,
S5_F8_P16,Fire_&_Thief_Ant_sp.,Adult,Yes,1510,
S5_F8_P16,Jumping_Spider_2,Adult,No,1511,
S5_F8_P16,Caterpillar_5,Larva,No,1512,
S5_F8_P13,Minute_Brown_Scavenger_Beetle_sp._2,Adult,Yes,1513,
S5_F8_P13,Minute_Brown_Scavenger_Beetle_sp._2,Adult,Yes,1514,
S5_F8_P13,Minute_Brown_Scavenger_Beetle_sp._2,Adult,Yes,1515,
S5_F8_P13,Brown_Hemi,Adult,Yes,1516,
S5_F8_P13,Striped_Lynx_Spider,Adult,No,1517,
S5_F8_P10,Spider_Brown_Orb,Adult,No,1518,
S5_F8_P10,Caterpillar_5,Larva,No,1519,
S5_F8_P10,Non-biting_Midge_Sp._3,Adult,Yes,1520,
S5_F8_P7,Salsa_sp._2,Adult,No,1521,
S5_F8_P7,Brown_Hemi,Adult,Yes,1522,
S5_F8_P7,Hoverfly,Adult,Yes,1523,
S5_F8_P5,Fly_Unknown2,Adult,Yes,1524,
S5_F8_P2,Striped_Ladybug,Adult,Yes,1525,
S5_F8_P2,Brown_Hemi,Adult,Yes,1526,
S5_F8_P2,Minute_Brown_Scavenger_Beetle_sp._2,Adult,Yes,1527,
S5_F8_P2,Spider_Brown_Orb,Adult,No,1528,
S5_F8_P1,Caterpillar_4,Larva,No,1529,
S5_F8_P1,Moth_Unknown,Adult,Yes,1530,
S5_F8_P4,Black_Psylloid,Adult,Yes,1531,
S5_F8_P4,Spider_Brown_Orb,Adult,No,1532,
S5_F8_P4,Spider_Brown_Orb,Adult,No,1533,
S5_F8_P4,Caterpillar_5,Larva,No,1534,
S5_F8_P4,Red_Blue_Beetle,Adult,Yes,1535,
S5_F8_P9,Non-biting_Midge_Sp._2,Adult,Yes,1536,
S5_F8_P12,Brown_Hemi,Adult,Yes,1537,
S5_F8_P12,Whitefly,Adult,Yes,1538,
S5_F8_P15,Whitefly,Adult,Yes,1539,
S5_F8_P15,Whitefly,Adult,Yes,1540,
S5_F8_P15,Minute_Brown_Scavenger_Beetle_sp._2,Adult,Yes,1541,
S5_F8_P15,Fly_Small_Black_2,Adult,Yes,1542,
S5_F8_P15,Fire_&_Thief_Ant_sp.,Adult,Yes,1543,
S5_F8_P15,Fire_&_Thief_Ant_sp.,Adult,Yes,1544,
S5_F8_P15,Fire_&_Thief_Ant_sp.,Adult,Yes,1545,
S5_F8_P15,Fire_&_Thief_Ant_sp.,Adult,Yes,1546,
S5_F8_P15,Fire_&_Thief_Ant_sp.,Adult,Yes,1547,
S5_F8_P18,Fire_&_Thief_Ant_sp.,Adult,Yes,1548,
S5_F8_P18,Fire_&_Thief_Ant_sp.,Adult,Yes,1549,
S5_F8_P18,Fire_&_Thief_Ant_sp.,Adult,Yes,1550,
S5_F8_P18,Brown_Hemi,Adult,Yes,1551,
S5_F8_P18,Brown_Hemi,Adult,Yes,1552,
S5_F8_P18,Brown_Hemi,Adult,Yes,1553,
S5_F8_P18,Brown_Hemi,Adult,Yes,1554,
S5_F8_P18,Brown_Hemi,Adult,Yes,1555,
S5_F8_P18,Brown_Hemi,Adult,Yes,1556,
S5_F8_P18,Minute_Brown_Scavenger_Beetle_sp._2,Adult,Yes,1557,
S5_F8_P18,Minute_Brown_Scavenger_Beetle_sp._2,Adult,Yes,1558,
S5_F8_P18,Mite_sp._1,Adult,No,1559,
S5_F8_P18,Mosquito_sp.,Adult,Yes,1560,
S6_F8_P3,Pale_Spider_5,Adult,No,1561,
S6_F8_P3,Black_Spider_2,Adult,No,1562,
S6_F8_P3,Long-jawed_Orbweaver_sp.,Adult,No,1563,
S6_F8_P3,Black_Weevil,Adult,Yes,1564,
S6_F8_P3,Silver_Orb_Spider,Adult,No,1565,
S6_F8_P3,Mite_sp._Black,Larva,No,1566,
S6_F8_P3,White_Butterfly,Adult,Yes,1567,
S6_F8_P3,Fly_Small_Black_2,Adult,Yes,1568,
S6_F8_P3,Minute_Brown_Scavenger_Beetle_sp._2,Adult,Yes,1569,
S6_F8_P3,Minute_Brown_Scavenger_Beetle_sp._2,Adult,Yes,1570,
S6_F8_P3,Minute_Brown_Scavenger_Beetle_sp._2,Adult,Yes,1571,
S6_F8_P3,Minute_Brown_Scavenger_Beetle_sp._2,Adult,Yes,1572,
S6_F8_P3,Minute_Brown_Scavenger_Beetle_sp._2,Adult,Yes,1573,
S6_F8_P3,Minute_Brown_Scavenger_Beetle_sp._2,Adult,Yes,1574,
S6_F8_P3,Minute_Brown_Scavenger_Beetle_sp._2,Adult,Yes,1575,
S6_F8_P3,Minute_Brown_Scavenger_Beetle_sp._2,Adult,Yes,1576,
S6_F8_P3,Minute_Brown_Scavenger_Beetle_sp._2,Adult,Yes,1577,
S6_F8_P3,Minute_Brown_Scavenger_Beetle_sp._2,Adult,Yes,1578,
S6_F8_P3,Minute_Brown_Scavenger_Beetle_sp._2,Adult,Yes,1579,
S6_F8_P3,Minute_Brown_Scavenger_Beetle_sp._2,Adult,Yes,1580,
S6_F8_P3,Minute_Brown_Scavenger_Beetle_sp._2,Adult,Yes,1581,
S6_F8_P3,Minute_Brown_Scavenger_Beetle_sp._2,Adult,Yes,1582,
S6_F8_P3,Minute_Brown_Scavenger_Beetle_sp._2,Adult,Yes,1583,
S6_F8_P3,Minute_Brown_Scavenger_Beetle_sp._2,Adult,Yes,1584,
S6_F8_P3,Minute_Brown_Scavenger_Beetle_sp._2,Adult,Yes,1585,
S6_F8_P3,Minute_Brown_Scavenger_Beetle_sp._2,Adult,Yes,1586,
S6_F8_P3,Minute_Brown_Scavenger_Beetle_sp._2,Adult,Yes,1587,
S6_F8_P3,Minute_Brown_Scavenger_Beetle_sp._2,Adult,Yes,1588,
S6_F8_P3,Minute_Brown_Scavenger_Beetle_sp._2,Adult,Yes,1589,
S6_F8_P6,Mosquito_sp._2,Adult,Yes,1590,
S6_F8_P6,Striped_Ladybug,Adult,Yes,1591,
S6_F8_P6,Striped_Ladybug,Adult,Yes,1592,
S6_F8_P6,Spider_Unknown,Adult,No,1593,
S6_F8_P6,Minute_Brown_Scavenger_Beetle_sp._2,Adult,Yes,1594,
S6_F8_P6,Minute_Brown_Scavenger_Beetle_sp._2,Adult,Yes,1595,
S6_F8_P6,Minute_Brown_Scavenger_Beetle_sp._2,Adult,Yes,1596,
S6_F8_P6,Minute_Brown_Scavenger_Beetle_sp._2,Adult,Yes,1597,
S6_F8_P6,Minute_Brown_Scavenger_Beetle_sp._2,Adult,Yes,1598,
S6_F8_P6,Minute_Brown_Scavenger_Beetle_sp._2,Adult,Yes,1599,
S6_F8_P6,Minute_Brown_Scavenger_Beetle_sp._2,Adult,Yes,1600,
S6_F8_P6,Minute_Brown_Scavenger_Beetle_sp._2,Adult,Yes,1601,
S6_F8_P6,Minute_Brown_Scavenger_Beetle_sp._2,Adult,Yes,1602,
S6_F8_P6,Minute_Brown_Scavenger_Beetle_sp._2,Adult,Yes,1603,
S6_F8_P6,Minute_Brown_Scavenger_Beetle_sp._2,Adult,Yes,1604,
S6_F8_P6,Minute_Brown_Scavenger_Beetle_sp._2,Adult,Yes,1605,
S6_F8_P6,Minute_Brown_Scavenger_Beetle_sp._2,Adult,Yes,1606,
S6_F8_P6,Minute_Brown_Scavenger_Beetle_sp._2,Adult,Yes,1607,
S6_F8_P6,Minute_Brown_Scavenger_Beetle_sp._2,Adult,Yes,1608,
S6_F8_P6,Brown_Spider,Adult,No,1609,
S6_F8_P6,Sheet_Dwarf_sp._8,Adult,No,1610,
S6_F8_P6,Longlegged_Sac_Spider,Adult,No,1611,
S6_F8_P6,Coleoptera_Larvae,Larva,No,1612,
S6_F8_P6,Coleoptera_Larvae,Larva,No,1613,
S6_F8_P6,Caterpillar_2,Larva,No,1614,
S6_F8_P6,Tiny_White_Caterpillar,Larva,No,1615,
S6_F8_P6,Hoverfly,Adult,Yes,1616,
S6_F8_P6,Black_Psylloid,Adult,Yes,1617,
S6_F8_P6,Brown_Round_Beetle,Adult,Yes,1618,
S6_F8_P6,Brown_Round_Beetle,Adult,Yes,1619,
S6_F8_P6,Brown_Round_Beetle,Adult,Yes,1620,
S6_F8_P6,Brown_Round_Beetle,Adult,Yes,1621,
S6_F8_P6,Black_Psylloid,Adult,Yes,1622,
S6_F8_P8,Silver_Orb_Spider,Adult,No,1623,
S6_F8_P8,Hoverfly,Adult,Yes,1624,
S6_F8_P8,Hoverfly,Adult,Yes,1625,
S6_F8_P8,Minute_Brown_Scavenger_Beetle_sp._2,Adult,Yes,1626,
S6_F8_P8,Minute_Brown_Scavenger_Beetle_sp._2,Adult,Yes,1627,
S6_F8_P8,Minute_Brown_Scavenger_Beetle_sp._2,Adult,Yes,1628,
S6_F8_P8,Minute_Brown_Scavenger_Beetle_sp._2,Adult,Yes,1629,
S6_F8_P8,Minute_Brown_Scavenger_Beetle_sp._2,Adult,Yes,1630,
S6_F8_P8,Minute_Brown_Scavenger_Beetle_sp._2,Adult,Yes,1631,
S6_F8_P8,Minute_Brown_Scavenger_Beetle_sp._2,Adult,Yes,1632,
S6_F8_P8,Minute_Brown_Scavenger_Beetle_sp._2,Adult,Yes,1633,
S6_F8_P8,Minute_Brown_Scavenger_Beetle_sp._2,Adult,Yes,1634,
S6_F8_P8,Whitefly,Adult,Yes,1635,
S6_F8_P8,Spotted_Amber_Ladybird,Adult,Yes,1636,
S6_F8_P8,Minute_Two-spotted_Ladybird,Adult,Yes,1637,
S6_F8_P8,Thread_Bug,Adult,Yes,1638,
S6_F8_P11,Striped_Ladybug,Adult,Yes,1639,
S6_F8_P11,Striped_Ladybug,Adult,Yes,1640,
S6_F8_P11,Striped_Ladybug,Adult,Yes,1641,
S6_F8_P11,Whitefly,Adult,Yes,1642,
S6_F8_P11,Minute_Brown_Scavenger_Beetle_sp._2,Adult,Yes,1643,
S6_F8_P11,Minute_Brown_Scavenger_Beetle_sp._2,Adult,Yes,1644,
S6_F8_P11,Minute_Brown_Scavenger_Beetle_sp._2,Adult,Yes,1645,
S6_F8_P11,Minute_Brown_Scavenger_Beetle_sp._2,Adult,Yes,1646,
S6_F8_P11,Minute_Brown_Scavenger_Beetle_sp._2,Adult,Yes,1647,
S6_F8_P11,Minute_Brown_Scavenger_Beetle_sp._2,Adult,Yes,1648,
S6_F8_P11,Minute_Brown_Scavenger_Beetle_sp._2,Adult,Yes,1649,
S6_F8_P11,Minute_Brown_Scavenger_Beetle_sp._2,Adult,Yes,1650,
S6_F8_P11,Minute_Brown_Scavenger_Beetle_sp._2,Adult,Yes,1651,
S6_F8_P11,Minute_Brown_Scavenger_Beetle_sp._2,Adult,Yes,1652,
S6_F8_P11,Minute_Brown_Scavenger_Beetle_sp._2,Adult,Yes,1653,
S6_F8_P11,Tobacco_Looper,Adult,Yes,1654,
S6_F8_P14,Minute_Two-spotted_Ladybird,Adult,Yes,1655,
S6_F8_P14,Minute_Two-spotted_Ladybird,Adult,Yes,1656,
S6_F8_P14,Whitefly,Adult,Yes,1657,
S6_F8_P14,Whitefly,Adult,Yes,1658,
S6_F8_P14,Whitefly,Adult,Yes,1659,
S6_F8_P14,Minute_Brown_Scavenger_Beetle_sp._2,Adult,Yes,1660,
S6_F8_P14,Minute_Brown_Scavenger_Beetle_sp._2,Adult,Yes,1661,
S6_F8_P14,Minute_Brown_Scavenger_Beetle_sp._2,Adult,Yes,1662,
S6_F8_P14,Minute_Brown_Scavenger_Beetle_sp._2,Adult,Yes,1663,
S6_F8_P14,Minute_Brown_Scavenger_Beetle_sp._2,Adult,Yes,1664,
S6_F8_P14,Minute_Brown_Scavenger_Beetle_sp._2,Adult,Yes,1665,
S6_F8_P14,Minute_Brown_Scavenger_Beetle_sp._2,Adult,Yes,1666,
S6_F8_P14,Minute_Brown_Scavenger_Beetle_sp._2,Adult,Yes,1667,
S6_F8_P14,Minute_Brown_Scavenger_Beetle_sp._2,Adult,Yes,1668,
S6_F8_P14,Minute_Brown_Scavenger_Beetle_sp._2,Adult,Yes,1669,
S6_F8_P14,Minute_Brown_Scavenger_Beetle_sp._2,Adult,Yes,1670,
S6_F8_P14,Minute_Brown_Scavenger_Beetle_sp._2,Adult,Yes,1671,
S6_F8_P14,Minute_Brown_Scavenger_Beetle_sp._2,Adult,Yes,1672,
S6_F8_P14,Minute_Brown_Scavenger_Beetle_sp._2,Adult,Yes,1673,
S6_F8_P14,Minute_Brown_Scavenger_Beetle_sp._2,Adult,Yes,1674,
S6_F8_P14,Transverse_Ladybug,Adult,Yes,1675,
S6_F8_P14,Angulate_and_Roundshouldered_Orbweavers_Sp._4,Adult,No,1676,
S6_F8_P14,Coleoptera_Oval_Black,Adult,Yes,1677,
S6_F8_P17,Aphid_Red,Adult,No,1678,
S6_F8_P17,Whitefly,Adult,Yes,1679,
S6_F8_P17,Whitefly,Adult,Yes,1680,
S6_F8_P17,Whitefly,Adult,Yes,1681,
S6_F8_P17,Silver_Orb_Spider,Adult,No,1682,
S6_F8_P17,Minute_Brown_Scavenger_Beetle_sp._2,Adult,Yes,1683,
S6_F8_P17,Minute_Brown_Scavenger_Beetle_sp._2,Adult,Yes,1684,
S6_F8_P17,Minute_Brown_Scavenger_Beetle_sp._2,Adult,Yes,1685,
S6_F8_P17,Minute_Brown_Scavenger_Beetle_sp._2,Adult,Yes,1686,
S6_F8_P17,Minute_Brown_Scavenger_Beetle_sp._2,Adult,Yes,1687,
S6_F8_P17,Minute_Brown_Scavenger_Beetle_sp._2,Adult,Yes,1688,
S6_F8_P20,Whitefly,Adult,Yes,1689,
S6_F8_P20,Whitefly,Adult,Yes,1690,
S6_F8_P20,Minute_Brown_Scavenger_Beetle_sp._2,Adult,Yes,1691,
S6_F8_P20,Minute_Brown_Scavenger_Beetle_sp._2,Adult,Yes,1692,
S6_F8_P20,Minute_Brown_Scavenger_Beetle_sp._2,Adult,Yes,1693,
S6_F8_P20,Minute_Brown_Scavenger_Beetle_sp._2,Adult,Yes,1694,
S6_F8_P20,Minute_Brown_Scavenger_Beetle_sp._2,Adult,Yes,1695,
S6_F8_P20,Minute_Brown_Scavenger_Beetle_sp._2,Adult,Yes,1696,
S6_F8_P20,Minute_Brown_Scavenger_Beetle_sp._2,Adult,Yes,1697,
S6_F8_P20,Minute_Brown_Scavenger_Beetle_sp._2,Adult,Yes,1698,
S6_F8_P20,Minute_Brown_Scavenger_Beetle_sp._2,Adult,Yes,1699,
S6_F8_P20,Minute_Brown_Scavenger_Beetle_sp._2,Adult,Yes,1700,
S6_F8_P20,Mite_sp._Black,Larva,No,1701,
S6_F8_P20,Hoverfly,Adult,Yes,1702,
S6_F8_P20,Pale_Spider_5,Adult,No,1703,
S6_F8_P20,Pale_Spider_5,Adult,No,1704,
S6_F8_P20,Pale_Spider,Adult,No,1705,
S6_F8_P20,Sheet_Dwarf_Elongated_2,Adult,No,1706,
S6_F8_P19,Sheet_Dwarf_sp._8,Adult,No,1707,
S6_F8_P19,Striped_Ladybug,Adult,Yes,1708,
S6_F8_P19,Spotted_Amber_Ladybird,Adult,Yes,1709,
S6_F8_P19,Pale_Spider_5,Adult,No,1710,
S6_F8_P19,Mite_sp._Black,Adult,No,1711,
S6_F8_P19,Pale_Spider,Adult,No,1712,
S6_F8_P19,Sheet_Dwarf_Elongated_2,Adult,No,1713,
S6_F8_P19,Minute_Brown_Scavenger_Beetle_sp._2,Adult,Yes,1714,
S6_F8_P19,Minute_Brown_Scavenger_Beetle_sp._2,Adult,Yes,1715,
S6_F8_P19,Minute_Brown_Scavenger_Beetle_sp._2,Adult,Yes,1716,
S6_F8_P19,Minute_Brown_Scavenger_Beetle_sp._2,Adult,Yes,1717,
S6_F8_P19,Minute_Brown_Scavenger_Beetle_sp._2,Adult,Yes,1718,
S6_F8_P19,Minute_Brown_Scavenger_Beetle_sp._2,Adult,Yes,1719,
S6_F8_P19,Butterfly_Orange_Black,Adult,Yes,1720,
S6_F8_P16,Caterpillar_1,Larva,No,1721,
S6_F8_P16,Fly_4,Adult,Yes,1722,
S6_F8_P16,Pale_Spider,Adult,No,1723,
S6_F8_P16,Hoverfly,Adult,Yes,1724,
S6_F8_P16,Silver_Orb_Spider,Adult,No,1725,
S6_F8_P16,Spotted_Amber_Ladybird,Adult,Yes,1726,
S6_F8_P16,Minute_Brown_Scavenger_Beetle_sp._2,Adult,Yes,1727,
S6_F8_P16,Minute_Brown_Scavenger_Beetle_sp._2,Adult,Yes,1728,
S6_F8_P16,Minute_Brown_Scavenger_Beetle_sp._2,Adult,Yes,1729,
S6_F8_P16,Minute_Brown_Scavenger_Beetle_sp._2,Adult,Yes,1730,
S6_F8_P16,Minute_Brown_Scavenger_Beetle_sp._2,Adult,Yes,1731,
S6_F8_P13,Pale_Spider_5,Adult,Yes,1732,
S6_F8_P13,Minute_Brown_Scavenger_Beetle_sp._2,Adult,Yes,1733,
S6_F8_P13,Minute_Brown_Scavenger_Beetle_sp._2,Adult,Yes,1734,
S6_F8_P13,Minute_Brown_Scavenger_Beetle_sp._2,Adult,Yes,1735,
S6_F8_P13,Minute_Brown_Scavenger_Beetle_sp._2,Adult,Yes,1736,
S6_F8_P13,Comb-footed_Spider_sp.,Adult,No,1737,
S6_F8_P13,Striped_Ladybug,Adult,Yes,1738,
S6_F8_P13,Silver_Orb_Spider,Adult,No,1739,
S6_F8_P13,Hoverfly,Adult,Yes,1740,
S6_F8_P10,Whitefly,Adult,Yes,1741,
S6_F8_P10,Minute_Brown_Scavenger_Beetle_sp._2,Adult,Yes,1742,
S6_F8_P10,Minute_Brown_Scavenger_Beetle_sp._2,Adult,Yes,1743,
S6_F8_P10,Minute_Brown_Scavenger_Beetle_sp._2,Adult,Yes,1744,
S6_F8_P10,Grass_Lynx_Spider_sp.,Adult,No,1745,
S6_F8_P10,Pale_Spider,Adult,No,1746,
S6_F8_P10,Silver_Orb_Spider,Adult,No,1747,
S6_F8_P5,Whitefly,Adult,Yes,1748,
S6_F8_P5,Whitefly,Adult,Yes,1749,
S6_F8_P5,Whitefly,Adult,Yes,1750,
S6_F8_P5,Whitefly,Adult,Yes,1751,
S6_F8_P5,Whitefly,Adult,Yes,1752,
S6_F8_P5,Transverse_Ladybug,Adult,Yes,1753,
S6_F8_P5,Seed_Bugs&Allies_sp.,Adult,Yes,1754,
S6_F8_P5,Minute_Brown_Scavenger_Beetle_sp._2,Adult,Yes,1755,
S6_F8_P5,Minute_Brown_Scavenger_Beetle_sp._2,Adult,Yes,1756,
S6_F8_P5,Minute_Brown_Scavenger_Beetle_sp._2,Adult,Yes,1757,
S6_F8_P5,Minute_Brown_Scavenger_Beetle_sp._2,Adult,Yes,1758,
S6_F8_P5,Minute_Brown_Scavenger_Beetle_sp._2,Adult,Yes,1759,
S6_F8_P5,Minute_Brown_Scavenger_Beetle_sp._2,Adult,Yes,1760,
S6_F8_P5,Minute_Brown_Scavenger_Beetle_sp._2,Adult,Yes,1761,
S6_F8_P5,Minute_Brown_Scavenger_Beetle_sp._2,Adult,Yes,1762,
S6_F8_P5,Minute_Brown_Scavenger_Beetle_sp._2,Adult,Yes,1763,
S6_F8_P5,Minute_Brown_Scavenger_Beetle_sp._2,Adult,Yes,1764,
S6_F8_P5,Minute_Brown_Scavenger_Beetle_sp._2,Adult,Yes,1765,
S6_F8_P5,Minute_Brown_Scavenger_Beetle_sp._2,Adult,Yes,1766,
S6_F8_P5,Minute_Brown_Scavenger_Beetle_sp._2,Adult,Yes,1767,
S6_F8_P5,Minute_Brown_Scavenger_Beetle_sp._2,Adult,Yes,1768,
S6_F8_P7,Striped_Lynx_Spider,Adult,No,1769,
S6_F8_P7,Minute_Brown_Scavenger_Beetle_sp._2,Adult,Yes,1770,
S6_F8_P7,Minute_Brown_Scavenger_Beetle_sp._2,Adult,Yes,1771,
S6_F8_P7,Minute_Brown_Scavenger_Beetle_sp._2,Adult,Yes,1772,
S6_F8_P7,Minute_Brown_Scavenger_Beetle_sp._2,Adult,Yes,1773,
S6_F8_P2,Whitefly,Adult,Yes,1774,
S6_F8_P2,Whitefly,Adult,Yes,1775,
S6_F8_P2,Whitefly,Adult,Yes,1776,
S6_F8_P2,Silver_Orb_Spider,Adult,No,1777,
S6_F8_P2,Black_Spider_2,Adult,No,1778,
S6_F8_P2,Spotted_Amber_Ladybird,Adult,Yes,1779,
S6_F8_P2,Brown_Orbweaver,Adult,No,1780,
S6_F8_P2,Sheet_Dwarf_Elongated_2,Adult,No,1781,
S6_F8_P2,Australian_Bluetail,Adult,Yes,1782,
S6_F8_P2,Minute_Brown_Scavenger_Beetle_sp._2,Adult,Yes,1783,
S6_F8_P2,Minute_Brown_Scavenger_Beetle_sp._2,Adult,Yes,1784,
S6_F8_P2,Minute_Brown_Scavenger_Beetle_sp._2,Adult,Yes,1785,
S6_F8_P2,Minute_Brown_Scavenger_Beetle_sp._2,Adult,Yes,1786,
S6_F8_P2,Minute_Brown_Scavenger_Beetle_sp._2,Adult,Yes,1787,
S6_F8_P2,Minute_Brown_Scavenger_Beetle_sp._2,Adult,Yes,1788,
S6_F8_P2,Minute_Brown_Scavenger_Beetle_sp._2,Adult,Yes,1789,
S6_F8_P2,Minute_Brown_Scavenger_Beetle_sp._2,Adult,Yes,1790,
S6_F8_P2,Minute_Brown_Scavenger_Beetle_sp._2,Adult,Yes,1791,
S6_F8_P2,Minute_Brown_Scavenger_Beetle_sp._2,Adult,Yes,1792,
S6_F8_P2,Minute_Brown_Scavenger_Beetle_sp._2,Adult,Yes,1793,
S6_F8_P2,Minute_Brown_Scavenger_Beetle_sp._2,Adult,Yes,1794,
S6_F8_P2,Minute_Brown_Scavenger_Beetle_sp._2,Adult,Yes,1795,
S6_F8_P2,Minute_Brown_Scavenger_Beetle_sp._2,Adult,Yes,1796,
S6_F8_P2,Minute_Brown_Scavenger_Beetle_sp._2,Adult,Yes,1797,
S6_F8_P2,Minute_Brown_Scavenger_Beetle_sp._2,Adult,Yes,1798,
S6_F8_P1,Whitefly,Adult,Yes,1799,
S6_F8_P1,Whitefly,Adult,Yes,1800,
S6_F8_P1,Black_Spider_2,Adult,No,1801,
S6_F8_P1,Sheet_Dwarf_Elongated_2,Adult,No,1802,
S6_F8_P1,Pale_Spider,Adult,No,1803,
S6_F8_P1,Silver_Orb_Spider,Adult,No,1804,
S6_F8_P1,Minute_Brown_Scavenger_Beetle_sp._2,Adult,Yes,1805,
S6_F8_P1,Minute_Brown_Scavenger_Beetle_sp._2,Adult,Yes,1806,
S6_F8_P1,Minute_Brown_Scavenger_Beetle_sp._2,Adult,Yes,1807,
S6_F8_P1,Minute_Brown_Scavenger_Beetle_sp._2,Adult,Yes,1808,
S6_F8_P1,Minute_Brown_Scavenger_Beetle_sp._2,Adult,Yes,1809,
S6_F8_P1,Minute_Brown_Scavenger_Beetle_sp._2,Adult,Yes,1810,
S6_F8_P1,Minute_Brown_Scavenger_Beetle_sp._2,Adult,Yes,1811,
S6_F8_P4,Small_Brown_Spider,Adult,No,1812,
S6_F8_P4,Minute_Brown_Scavenger_Beetle_sp._2,Adult,Yes,1813,
S6_F8_P4,Minute_Brown_Scavenger_Beetle_sp._2,Adult,Yes,1814,
S6_F8_P4,Minute_Brown_Scavenger_Beetle_sp._2,Adult,Yes,1815,
S6_F8_P4,Sheet_Dwarf_Elongated_2,Adult,No,1816,
S6_F8_P9,Pale_Spider,Adult,No,1817,
S6_F8_P9,Jumping_Spider_1,Adult,No,1818,
S6_F8_P9,Pale_Spider_6,Adult,No,1819,
S6_F8_P9,Angulate_and_Roundshouldered_Orbweavers_Sp._4,Adult,No,1820,
S6_F8_P9,Green_Vegetable_Bug,Adult,Yes,1821,
S6_F8_P9,Minute_Brown_Scavenger_Beetle_sp._2,Adult,Yes,1822,
S6_F8_P9,Minute_Brown_Scavenger_Beetle_sp._2,Adult,Yes,1823,
S6_F8_P9,Minute_Brown_Scavenger_Beetle_sp._2,Adult,Yes,1824,
S6_F8_P9,Minute_Brown_Scavenger_Beetle_sp._2,Adult,Yes,1825,
S6_F8_P9,Minute_Brown_Scavenger_Beetle_sp._2,Adult,Yes,1826,
S6_F8_P9,Minute_Brown_Scavenger_Beetle_sp._2,Adult,Yes,1827,
S6_F8_P9,Minute_Brown_Scavenger_Beetle_sp._2,Adult,Yes,1828,
S6_F8_P9,Minute_Brown_Scavenger_Beetle_sp._2,Adult,Yes,1829,
S6_F8_P9,Minute_Brown_Scavenger_Beetle_sp._2,Adult,Yes,1830,
S6_F8_P9,Minute_Brown_Scavenger_Beetle_sp._2,Adult,Yes,1831,
S6_F8_P9,Minute_Brown_Scavenger_Beetle_sp._2,Adult,Yes,1832,
S6_F8_P9,Minute_Brown_Scavenger_Beetle_sp._2,Adult,Yes,1833,
S6_F8_P9,Minute_Brown_Scavenger_Beetle_sp._2,Adult,Yes,1834,
S6_F8_P9,Minute_Brown_Scavenger_Beetle_sp._2,Adult,Yes,1835,
S6_F8_P9,Minute_Brown_Scavenger_Beetle_sp._2,Adult,Yes,1836,
S6_F8_P9,Minute_Brown_Scavenger_Beetle_sp._2,Adult,Yes,1837,
S6_F8_P9,Minute_Brown_Scavenger_Beetle_sp._2,Adult,Yes,1838,
S6_F8_P9,Minute_Brown_Scavenger_Beetle_sp._2,Adult,Yes,1839,
S6_F8_P9,Minute_Brown_Scavenger_Beetle_sp._2,Adult,Yes,1840,
S6_F8_P12,Salsa_sp.,Adult,No,1841,
S6_F8_P12,Pale_Spider,Adult,No,1842,
S6_F8_P12,Small_Brown_Spider,Adult,No,1843,
S6_F8_P12,Small_Brown_Spider,Adult,No,1844,
S6_F8_P12,Sheet_Dwarf_Elongated,Adult,No,1845,
S6_F8_P12,Green_Lacewing,Adult,No,1846,
S6_F8_P15,Whitefly,Adult,Yes,1847,
S6_F8_P15,Whitefly,Adult,Yes,1848,
S6_F8_P15,Sword_Tailed_Cricket_Sp.,Adult,No,1849,
S6_F8_P15,Minute_Brown_Scavenger_Beetle_sp._2,Adult,Yes,1850,
S6_F8_P15,Minute_Brown_Scavenger_Beetle_sp._2,Adult,Yes,1851,
S6_F8_P15,Minute_Brown_Scavenger_Beetle_sp._2,Adult,Yes,1852,
S6_F8_P15,Minute_Brown_Scavenger_Beetle_sp._2,Adult,Yes,1853,
S6_F8_P15,Minute_Brown_Scavenger_Beetle_sp._2,Adult,Yes,1854,
S6_F8_P15,Minute_Brown_Scavenger_Beetle_sp._2,Adult,Yes,1855,
S6_F8_P15,Minute_Brown_Scavenger_Beetle_sp._2,Adult,Yes,1856,
S6_F8_P15,Minute_Brown_Scavenger_Beetle_sp._2,Adult,Yes,1857,
S6_F8_P15,Black_Psylloid,Adult,Yes,1858,
S6_F8_P15,Longlegged_Sac_Spider,Adult,No,1859,
S6_F8_P15,Brown_Hemi,Adult,Yes,1860,
S6_F8_P18,Mite_sp._Black,Larva,No,1861,
S6_F8_P18,Striped_Ladybug,Adult,Yes,1862,
S6_F8_P18,Minute_Brown_Scavenger_Beetle_sp._2,Adult,Yes,1863,
S6_F8_P18,Minute_Brown_Scavenger_Beetle_sp._2,Adult,Yes,1864,
S6_F8_P18,Minute_Brown_Scavenger_Beetle_sp._2,Adult,Yes,1865,
S6_F8_P18,Minute_Brown_Scavenger_Beetle_sp._2,Adult,Yes,1866,
S6_F8_P18,Minute_Brown_Scavenger_Beetle_sp._2,Adult,Yes,1867,
S6_F8_P18,Minute_Brown_Scavenger_Beetle_sp._2,Adult,Yes,1868,
S6_F10_P5,Sooty_Christmas_Spider,Adult,No,1869,
S6_F10_P5,Coon_Bug,Adult,Yes,1870,
S6_F10_P5,Fly_4,Adult,Yes,1871,
S6_F10_P4,Pale_Psyllid,Adult,Yes,1872,
S6_F10_P4,Brown_Lacewing,Adult,Yes,1873,
S6_F10_P3,Spotted_Amber_Ladybird,Adult,Yes,1874,
S6_F10_P3,Coon_Bug,Adult,Yes,1875,
S6_F10_P3,Coon_Bug,Adult,Yes,1876,
S6_F10_P3,Coon_Bug,Adult,Yes,1877,
S6_F10_P3,Whitefly,Adult,Yes,1878,
S6_F10_P3,Rutherglen_Bug,Adult,Yes,1879,
S6_F10_P3,Rutherglen_Bug,Adult,Yes,1880,
S6_F10_P3,Rutherglen_Bug,Adult,Yes,1881,
S6_F10_P2,Striped_Ladybug,Adult,Yes,1882,
S6_F10_P2,Striped_Ladybug,Adult,Yes,1883,
S6_F10_P2,Striped_Ladybug,Adult,Yes,1884,
S6_F10_P2,Striped_Ladybug,Adult,Yes,1885,
S6_F10_P2,Flea_Beetle,Adult,Yes,1886,
S6_F10_P2,Black_Spider_2,Adult,No,1887,
S6_F10_P1,Striped_Ladybug,Adult,Yes,1888,
S6_F10_P1,Transverse_Ladybug,Adult,Yes,1889,
S6_F10_P1,Longlegged_Sac_Spider,Adult,No,1890,
S6_F10_P1,Brown_Weevil_2,Adult,Yes,1891,
S6_F10_P6,Striped_Ladybug,Adult,Yes,1892,
S6_F10_P7,Fly_4,Adult,Yes,1893,
S6_F10_P7,Minute_Brown_Scavenger_Beetle_sp._3,Adult,Yes,1894,
S6_F10_P8,Thread_Bug,Adult,Yes,1895,
S6_F10_P8,Lean_Lynx_Spider,Adult,No,1896,
S6_F10_P8,Cosmet_Moth_sp.,Adult,Yes,1897,
S6_F10_P8,Hoverfly,Adult,Yes,1898,
S6_F10_P9,Cartodere_bifasciata_Minute_Brown_Scavenger_Beetle,Adult,Yes,1899,
S6_F10_P9,Striped_Lynx_Spider,Adult,No,1900,
S6_F10_P10,Small_Brown_Spider,Adult,No,1901,
S6_F10_P10,Minute_Brown_Scavenger_Beetle_sp._3,Adult,Yes,1902,
S6_F10_P10,Dark_Mirid_Red_Eyes,Adult,Yes,1903,
S6_F10_P10,Orb_Weaving_Small,Adult,No,1904,
S6_F11_P1,Spider_Unknown,Adult,No,1905,
S6_F11_P1,Striped_Ladybug,Adult,Yes,1906,
S6_F11_P2,Striped_Ladybug,Adult,Yes,1907,
S6_F11_P2,Sheet_Dwarf_Elongated,Adult,No,1908,
S6_F11_P2,Brown_Orbweaver_2,Adult,No,1909,
S6_F11_P2,Brown_Hemi,Adult,Yes,1910,
S6_F11_P2,Minute_Brown_Scavenger_Beetle_sp._3,Adult,Yes,1911,
S6_F11_P2,Orb_Weaving_Small,Adult,No,1912,
S6_F11_P2,Transverse_Ladybug,Adult,Yes,1913,
S6_F11_P3,Striped_Ladybug,Adult,Yes,1914,
S6_F11_P3,Striped_Ladybug,Adult,Yes,1915,
S6_F11_P3,Whitefly,Adult,Yes,1916,
S6_F11_P3,Whitefly,Adult,Yes,1917,
S6_F11_P3,Whitefly,Adult,Yes,1918,
S6_F11_P3,Whitefly,Adult,Yes,1919,
S6_F11_P3,Sooty_Christmas_Spider,Adult,No,1920,
S6_F11_P3,Spotted_Amber_Ladybird,Adult,Yes,1921,
S6_F11_P3,Minute_Brown_Scavenger_Beetle_sp._3,Adult,Yes,1922,
S6_F11_P3,Minute_Brown_Scavenger_Beetle_sp._3,Adult,Yes,1923,
S6_F11_P3,Minute_Brown_Scavenger_Beetle_sp._3,Adult,Yes,1924,
S6_F11_P3,Minute_Brown_Scavenger_Beetle_sp._3,Adult,Yes,1925,
S6_F11_P3,Minute_Brown_Scavenger_Beetle_sp._3,Adult,Yes,1926,
S6_F11_P3,Minute_Brown_Scavenger_Beetle_sp._3,Adult,Yes,1927,
S6_F11_P3,Minute_Brown_Scavenger_Beetle_sp._3,Adult,Yes,1928,
S6_F11_P3,Minute_Brown_Scavenger_Beetle_sp._3,Adult,Yes,1929,
S6_F11_P3,Brown_Hemi,Adult,Yes,1930,
S6_F11_P3,Brown_Hemi,Adult,Yes,1931,
S6_F11_P3,Brown_Hemi,Adult,Yes,1932,
S6_F11_P3,Brown_Hemi,Adult,Yes,1933,
S6_F11_P3,Brown_Hemi,Adult,Yes,1934,
S6_F11_P4,Transverse_Ladybug,Adult,Yes,1935,
S6_F11_P4,Striped_Ladybug,Adult,Yes,1936,
S6_F11_P4,Whitefly,Adult,Yes,1937,
S6_F11_P4,Whitefly,Adult,Yes,1938,
S6_F11_P4,Whitefly,Adult,Yes,1939,
S6_F11_P4,Whitefly,Adult,Yes,1940,
S6_F11_P4,Whitefly,Adult,Yes,1941,
S6_F11_P4,Whitefly,Adult,Yes,1942,
S6_F11_P4,Spider_Unknown,Adult,No,1943,
S6_F11_P4,Minute_Brown_Scavenger_Beetle_sp._3,Adult,Yes,1944,
S6_F11_P4,Minute_Brown_Scavenger_Beetle_sp._3,Adult,Yes,1945,
S6_F11_P4,Minute_Brown_Scavenger_Beetle_sp._3,Adult,Yes,1946,
S6_F11_P4,Minute_Brown_Scavenger_Beetle_sp._3,Adult,Yes,1947,
S6_F11_P4,Minute_Brown_Scavenger_Beetle_sp._3,Adult,Yes,1948,
S6_F11_P4,Minute_Brown_Scavenger_Beetle_sp._3,Adult,Yes,1949,
S6_F11_P4,Brown_Hemi,Adult,Yes,1950,
S6_F11_P4,Brown_Hemi,Adult,Yes,1951,
S6_F11_P4,Brown_Hemi,Adult,Yes,1952,
S6_F11_P4,Small_Hemi_Red,Adult,Yes,1953,
S6_F11_P4,Brown_Weevil_2,Adult,Yes,1954,
S6_F11_P4,Rove_Bettle_sp.,Adult,No,1955,
S6_F11_P4,Rove_Bettle_sp.,Adult,No,1956,
S6_F11_P5,Whitefly,Adult,Yes,1957,
S6_F11_P5,Whitefly,Adult,Yes,1958,
S6_F11_P5,Whitefly,Adult,Yes,1959,
S6_F11_P5,Whitefly,Adult,Yes,1960,
S6_F11_P5,Whitefly,Adult,Yes,1961,
S6_F11_P5,Leaf-curling_Orbweaver_sp.,Adult,No,1962,
S6_F11_P5,Brown_Hemi,Adult,Yes,1963,
S6_F11_P5,Brown_Hemi,Adult,Yes,1964,
S6_F11_P5,Minute_Brown_Scavenger_Beetle_sp._3,Adult,Yes,1965,
S6_F11_P5,Minute_Brown_Scavenger_Beetle_sp._3,Adult,Yes,1966,
S6_F11_P5,Minute_Brown_Scavenger_Beetle_sp._3,Adult,Yes,1967,
S6_F11_P5,Minute_Brown_Scavenger_Beetle_sp._3,Adult,Yes,1968,
S6_F11_P5,Minute_Brown_Scavenger_Beetle_sp._3,Adult,Yes,1969,
S6_F11_P5,Minute_Brown_Scavenger_Beetle_sp._3,Adult,Yes,1970,
S6_F11_P6,Whitefly,Adult,Yes,1971,
S6_F11_P6,Whitefly,Adult,Yes,1972,
S6_F11_P6,Minute_Brown_Scavenger_Beetle_sp._3,Adult,Yes,1973,
S6_F11_P6,Spotted_Amber_Ladybird,Adult,Yes,1974,
S6_F11_P6,Sword_Tailed_Cricket_Sp.2,Adult,Yes,1975,
S6_F11_P6,Hoverfly,Adult,Yes,1976,
S6_F11_P6,Brown_Hemi,Adult,Yes,1977,
S6_F11_P6,Brown_Hemi,Adult,Yes,1978,
S6_F11_P6,Brown_Hemi,Adult,Yes,1979,
S6_F11_P6,Brown_Hemi,Adult,Yes,1980,
S6_F11_P6,Brown_Hemi,Adult,Yes,1981,
S6_F11_P6,Brown_Hemi,Adult,Yes,1982,
S6_F11_P6,Brown_Hemi,Adult,Yes,1983,
S6_F11_P6,Brown_Hemi,Adult,Yes,1984,
S6_F11_P6,Minute_Brown_Scavenger_Beetle_sp._3,Adult,Yes,1985,
S6_F11_P6,Minute_Brown_Scavenger_Beetle_sp._3,Adult,Yes,1986,
S6_F11_P6,Minute_Brown_Scavenger_Beetle_sp._3,Adult,Yes,1987,
S6_F11_P6,Minute_Brown_Scavenger_Beetle_sp._3,Adult,Yes,1988,
S6_F11_P6,Minute_Brown_Scavenger_Beetle_sp._3,Adult,Yes,1989,
S6_F11_P6,Striped_Ladybug,Adult,Yes,1990,
S6_F11_P6,Brown_Lacewing,Adult,Yes,1991,
S6_F11_P6,Minute_Two-spotted_Ladybird,Adult,Yes,1992,
S6_F11_P6,Northern_Grass_Pyrgomorph,Adult,Yes,1993,
S6_F11_P7,Whitefly,Adult,Yes,1994,
S6_F11_P7,Whitefly,Adult,Yes,1995,
S6_F11_P7,Striped_Ladybug,Adult,Yes,1996,
S6_F11_P7,Striped_Ladybug,Adult,Yes,1997,
S6_F11_P7,Black_Spider_2,Adult,No,1998,
S6_F11_P7,Minute_Two-spotted_Ladybird,Adult,Yes,1999,
S6_F11_P7,Minute_Two-spotted_Ladybird,Adult,Yes,2000,
S6_F11_P7,Hoverfly,Adult,Yes,2001,
S6_F11_P7,Transverse_Ladybug,Adult,Yes,2002,
S6_F11_P7,Transverse_Ladybug,Adult,Yes,2003,
S6_F11_P7,Spotted_Amber_Ladybird,Adult,Yes,2004,
S6_F11_P7,Orb_Weaving_Small,Adult,No,2005,
S6_F11_P7,Spider_Small_Orange,Adult,No,2006,
S6_F11_P7,Orb_Weaving_Small,Adult,No,2007,
S7_F12_P15,Common_House_Fly,Adult,Yes,2008,
S7_F12_P15,Minute_Brown_Scavenger_Beetle_sp._3,Adult,Yes,2009,
S7_F12_P15,Minute_Brown_Scavenger_Beetle_sp._3,Adult,Yes,2010,
S7_F12_P15,Minute_Brown_Scavenger_Beetle_sp._3,Adult,Yes,2011,
S7_F12_P15,Minute_Brown_Scavenger_Beetle_sp._3,Adult,Yes,2012,
S7_F12_P15,Minute_Brown_Scavenger_Beetle_sp._3,Adult,Yes,2013,
S7_F12_P15,Sheet_Dwarf_sp._9,Adult,No,2014,
S7_F12_P15,Striped_Ladybug,Adult,Yes,2015,
S7_F12_P15,Striped_Ladybug,Adult,Yes,2016,
S7_F12_P15,Striped_Ladybug,Adult,Yes,2017,
S7_F12_P15,Angulate_Striped_Legs,Adult,No,2018,
S7_F12_P15,Sheet_Dwarf_sp._9,Adult,No,2019,
S7_F12_P15,Sheet_Dwarf_Elongated,Adult,No,2020,
S7_F12_P15,Sheet_Dwarf_sp._6,Adult,No,2021,
S7_F12_P15,Fly_Small_Yellow,Adult,Yes,2022,
S7_F12_P15,Fly_Small_Black,Adult,Yes,2023,
S7_F12_P15,Transverse_Ladybug,Adult,Yes,2024,
S7_F12_P15,Transverse_Ladybug,Adult,Yes,2025,
S7_F12_P15,Brown_Lacewing,Adult,Yes,2026,
S7_F12_P15,Orb_Weaving_Small,Adult,No,2027,
S7_F12_P15,Orb_Weaving_Small,Adult,No,2028,
S7_F12_P15,Orb_Weaving_Small,Adult,No,2029,
S7_F12_P15,Longlegged_Sac_Spider,Adult,No,2030,
S7_F12_P16,Striped_Ladybug,Adult,Yes,2031,
S7_F12_P16,Striped_Ladybug,Adult,Yes,2032,
S7_F12_P16,Brown_Lacewing,Adult,Yes,2033,
S7_F12_P16,Minute_Brown_Scavenger_Beetle_sp._3,Adult,Yes,2034,
S7_F12_P16,Minute_Brown_Scavenger_Beetle_sp._3,Adult,Yes,2035,
S7_F12_P16,Australian_Bluetail,Adult,Yes,2036,
S7_F12_P17,Striped_Ladybug,Adult,Yes,2037,
S7_F12_P17,Striped_Ladybug,Adult,Yes,2038,
S7_F12_P17,Striped_Ladybug,Adult,Yes,2039,
S7_F12_P17,Striped_Ladybug,Adult,Yes,2040,
S7_F12_P17,Sheet_Dwarf_sp._9,Adult,No,2041,
S7_F12_P17,Transverse_Ladybug,Adult,Yes,2042,
S7_F12_P17,Sheet_Dwarf_Dark_Brown,Adult,No,2043,
S7_F12_P17,Angulate_and_Roundshouldered_Orbweavers_Sp._4,Adult,No,2044,
S7_F12_P17,Minute_Brown_Scavenger_Beetle_sp._3,Adult,Yes,2045,
S7_F12_P17,Minute_Brown_Scavenger_Beetle_sp._3,Adult,Yes,2046,
S7_F12_P17,Minute_Brown_Scavenger_Beetle_sp._3,Adult,Yes,2047,
S7_F12_P17,Minute_Brown_Scavenger_Beetle_sp._3,Adult,Yes,2048,
S7_F12_P17,Minute_Brown_Scavenger_Beetle_sp._3,Adult,Yes,2049,
S7_F12_P17,Minute_Brown_Scavenger_Beetle_sp._3,Adult,Yes,2050,
S7_F12_P17,Minute_Brown_Scavenger_Beetle_sp._3,Adult,Yes,2051,
S7_F12_P17,Minute_Brown_Scavenger_Beetle_sp._3,Adult,Yes,2052,
S7_F12_P17,Minute_Brown_Scavenger_Beetle_sp._3,Adult,Yes,2053,
S7_F12_P17,Minute_Brown_Scavenger_Beetle_sp._3,Adult,Yes,2054,
S7_F12_P17,Minute_Brown_Scavenger_Beetle_sp._3,Adult,Yes,2055,
S7_F12_P17,Tiny_White_Spider,Adult,No,2056,
S7_F12_P18,Striped_Ladybug,Adult,Yes,2057,
S7_F12_P18,Striped_Ladybug,Adult,Yes,2058,
S7_F12_P18,Striped_Ladybug,Adult,Yes,2059,
S7_F12_P18,Striped_Ladybug,Adult,Yes,2060,
S7_F12_P18,Common_House_Fly,Adult,Yes,2061,
S7_F12_P18,Common_House_Fly,Adult,Yes,2062,
S7_F12_P18,Common_House_Fly,Adult,Yes,2063,
S7_F12_P18,Common_House_Fly,Adult,Yes,2064,
S7_F12_P18,Common_House_Fly,Adult,Yes,2065,
S7_F12_P18,Common_House_Fly,Adult,Yes,2066,
S7_F12_P18,Common_House_Fly,Adult,Yes,2067,
S7_F12_P18,Common_House_Fly,Adult,Yes,2068,
S7_F12_P18,Minute_Brown_Scavenger_Beetle_sp._3,Adult,Yes,2069,
S7_F12_P18,Minute_Brown_Scavenger_Beetle_sp._3,Adult,Yes,2070,
S7_F12_P18,Minute_Brown_Scavenger_Beetle_sp._3,Adult,Yes,2071,
S7_F12_P18,Brown_Hemi,Adult,Yes,2072,
S7_F12_P18,Brown_Hemi,Adult,Yes,2073,
S7_F12_P18,Brown_Hemi,Adult,Yes,2074,
S7_F12_P18,Silver_Orb_Spider,Adult,No,2075,
S7_F12_P18,Litargops_multiguttatus,Adult,Yes,2076,
S7_F12_P18,Fly_Pale_Underneath,Adult,Yes,2077,
S7_F12_P18,Whitefly,Adult,Yes,2078,
S7_F12_P18,Flying_Ant_Black_White_Spots,Adult,Yes,2079,
S7_F12_P18,Minute_Two-spotted_Ladybird,Adult,Yes,2080,
S7_F12_P18,Minute_Two-spotted_Ladybird,Adult,Yes,2081,
S7_F12_P18,Spotted_Amber_Ladybird,Adult,Yes,2082,
S7_F12_P19,Striped_Ladybug,Adult,Yes,2083,
S7_F12_P19,Striped_Ladybug,Adult,Yes,2084,
S7_F12_P19,Common_House_Fly,Adult,Yes,2085,
S7_F12_P19,Transverse_Ladybug,Adult,Yes,2086,
S7_F12_P19,Spotted_Amber_Ladybird,Adult,Yes,2087,
S7_F12_P19,Common_Gea,Adult,No,2088,
S7_F12_P19,Insecta_sp.,Adult,Yes,2089,
S7_F12_P19,Seed_Bugs&Allies_sp.,Adult,Yes,2090,
S7_F12_P19,Minute_Brown_Scavenger_Beetle_sp._3,Adult,Yes,2091,
S7_F12_P19,Minute_Brown_Scavenger_Beetle_sp._3,Adult,Yes,2092,
S7_F12_P19,Minute_Brown_Scavenger_Beetle_sp._3,Adult,Yes,2093,
S7_F12_P19,Minute_Brown_Scavenger_Beetle_sp._3,Adult,Yes,2094,
S7_F12_P19,Minute_Brown_Scavenger_Beetle_sp._3,Adult,Yes,2095,
S7_F12_P19,Minute_Brown_Scavenger_Beetle_sp._3,Adult,Yes,2096,
S7_F12_P20,Striped_Ladybug,Adult,Yes,2097,
S7_F12_P20,Striped_Ladybug,Adult,Yes,2098,
S7_F12_P20,Sheet_Dwarf_Elongated,Adult,No,2099,
S7_F12_P20,Narrow-waisted_Wasp_sp.2,Adult,Yes,2100,
S7_F12_P20,Minute_Brown_Scavenger_Beetle_sp._3,Adult,Yes,2101,
S7_F12_P20,Minute_Brown_Scavenger_Beetle_sp._3,Adult,Yes,2102,
S7_F12_P20,Minute_Brown_Scavenger_Beetle_sp._3,Adult,Yes,2103,
S7_F12_P20,Minute_Brown_Scavenger_Beetle_sp._3,Adult,Yes,2104,
S7_F12_P20,Minute_Brown_Scavenger_Beetle_sp._3,Adult,Yes,2105,
S7_F12_P20,Minute_Brown_Scavenger_Beetle_sp._3,Adult,Yes,2106,
S7_F12_P20,Minute_Brown_Scavenger_Beetle_sp._3,Adult,Yes,2107,
S7_F12_P20,Minute_Brown_Scavenger_Beetle_sp._3,Adult,Yes,2108,
S7_F12_P21,Spotted_Amber_Ladybird,Adult,Yes,2109,
S7_F12_P21,Brown_Lacewing,Adult,Yes,2110,
S7_F12_P21,Striped_Ladybug,Adult,Yes,2111,
S7_F12_P21,Insecta_sp.,Adult,Yes,2112,
S7_F12_P21,Sheet_Dwarf_Dark_Brown,Adult,No,2113,
S7_F12_P21,Orbweaver_Black_White,Adult,No,2114,
S7_F12_P21,Minute_Brown_Scavenger_Beetle_sp._3,Adult,Yes,2115,
S7_F12_P21,Minute_Brown_Scavenger_Beetle_sp._3,Adult,Yes,2116,
S7_F12_P21,Minute_Brown_Scavenger_Beetle_sp._3,Adult,Yes,2117,
S7_F12_P21,Minute_Brown_Scavenger_Beetle_sp._3,Adult,Yes,2118,
S7_F12_P21,Minute_Brown_Scavenger_Beetle_sp._3,Adult,Yes,2119,
S7_F12_P21,Minute_Brown_Scavenger_Beetle_sp._3,Adult,Yes,2120,
S7_F12_P21,Minute_Brown_Scavenger_Beetle_sp._3,Adult,Yes,2121,
S7_F12_P14,Striped_Ladybug,Adult,Yes,2122,
S7_F12_P14,Striped_Ladybug,Adult,Yes,2123,
S7_F12_P14,Striped_Ladybug,Adult,Yes,2124,
S7_F12_P13,Striped_Ladybug,Adult,Yes,2125,
S7_F12_P13,Striped_Ladybug,Adult,Yes,2126,
S7_F12_P13,Orb_Weaving_Small,Adult,No,2127,
S7_F12_P13,Minute_Brown_Scavenger_Beetle_sp._3,Adult,Yes,2128,
S7_F12_P13,Minute_Brown_Scavenger_Beetle_sp._3,Adult,Yes,2129,
S7_F12_P13,Minute_Brown_Scavenger_Beetle_sp._3,Adult,Yes,2130,
S7_F12_P13,Minute_Brown_Scavenger_Beetle_sp._3,Adult,Yes,2131,
S7_F12_P13,Minute_Brown_Scavenger_Beetle_sp._3,Adult,Yes,2132,
S7_F12_P13,Orchid_Dupe_Wasp,Adult,Yes,2133,
S7_F12_P13,Tobacco_Looper,Adult,Yes,2134,
S7_F12_P12,Striped_Ladybug,Adult,Yes,2135,
S7_F12_P12,Minute_Brown_Scavenger_Beetle_sp._3,Adult,Yes,2136,
S7_F12_P12,Minute_Brown_Scavenger_Beetle_sp._3,Adult,Yes,2137,
S7_F12_P12,Spider_Brown_3,Adult,No,2138,
S7_F12_P11,Striped_Ladybug,Adult,Yes,2139,
S7_F12_P11,Striped_Ladybug,Adult,Yes,2140,
S7_F12_P11,Striped_Ladybug,Adult,Yes,2141,
S7_F12_P11,Minute_Brown_Scavenger_Beetle_sp._3,Adult,Yes,2142,
S7_F12_P11,Minute_Brown_Scavenger_Beetle_sp._3,Adult,Yes,2143,
S7_F12_P11,Longlegged_Sac_Spider,Adult,No,2144,
S7_F12_P10,Striped_Ladybug,Adult,Yes,2145,
S7_F12_P10,Striped_Ladybug,Adult,Yes,2146,
S7_F12_P10,Striped_Ladybug,Adult,Yes,2147,
S7_F12_P10,Minute_Brown_Scavenger_Beetle_sp._3,Adult,Yes,2148,
S7_F12_P10,Pale_Spider_4,Adult,No,2149,
S7_F12_P9,Common_House_Fly,Adult,Yes,2150,
S7_F12_P9,Angulate_Pointed,Adult,No,2151,
S7_F12_P9,Striped_Ladybug,Adult,Yes,2152,
S7_F12_P9,Minute_Brown_Scavenger_Beetle_sp._3,Adult,Yes,2153,
S7_F12_P9,Minute_Brown_Scavenger_Beetle_sp._3,Adult,Yes,2154,
S7_F12_P9,Minute_Brown_Scavenger_Beetle_sp._3,Adult,Yes,2155,
S7_F12_P9,Sheet_Dwarf_sp._9,Adult,No,2156,
S7_F12_P9,Whitefly,Adult,Yes,2157,
S7_F12_P8,Striped_Ladybug,Adult,Yes,2158,
S7_F12_P8,Black_Psylloid,Adult,Yes,2159,
S7_F12_P8,Hoverfly,Adult,Yes,2160,
S7_F12_P8,Brown_Orbweaver_2,Adult,No,2161,
S7_F12_P8,Salsa_sp._2,Adult,No,2162,
S7_F12_P8,Mottled_Brown_Leaf_Hopper,Adult,Yes,2163,
S7_F12_P1,Hoverfly,Adult,Yes,2164,
S7_F12_P1,Mite_sp._Red,Adult,No,2165,
S7_F12_P2,Whitefly,Adult,Yes,2166,
S7_F12_P2,Black_Fly,Adult,Yes,2167,
S7_F12_P2,Minute_Brown_Scavenger_Beetle_sp._3,Adult,Yes,2168,
S7_F12_P2,Minute_Brown_Scavenger_Beetle_sp._3,Adult,Yes,2169,
S7_F12_P2,Sheet_Dwarf_sp._9,Adult,No,2170,
S7_F12_P2,Sheet_Dwarf_Dark_Brown,Adult,No,2171,
S7_F12_P2,Asian_Woolly_Hackberry_Aphid,Adult,Yes,2172,
S7_F12_P2,Abnormal_Head_Spider,Adult,No,2173,
S7_F12_P2,Striped_Ladybug,Adult,Yes,2174,
S7_F12_P3,Spotted_Amber_Ladybird,Adult,Yes,2175,
S7_F12_P3,Pale_Spider_4,Adult,No,2176,
S7_F12_P3,Sheet_Dwarf_sp._3,Adult,No,2177,
S7_F12_P3,Minute_Brown_Scavenger_Beetle_sp._3,Adult,Yes,2178,
S7_F12_P3,Minute_Brown_Scavenger_Beetle_sp._3,Adult,Yes,2179,
S7_F12_P3,Minute_Brown_Scavenger_Beetle_sp._3,Adult,Yes,2180,
S7_F12_P3,Minute_Brown_Scavenger_Beetle_sp._3,Adult,Yes,2181,
S7_F12_P3,Minute_Brown_Scavenger_Beetle_sp._3,Adult,Yes,2182,
S7_F12_P3,Minute_Brown_Scavenger_Beetle_sp._3,Adult,Yes,2183,
S7_F12_P3,Minute_Brown_Scavenger_Beetle_sp._3,Adult,Yes,2184,
S7_F12_P3,Minute_Brown_Scavenger_Beetle_sp._3,Adult,Yes,2185,
S7_F12_P3,Pale_Brown_Spider_2,Adult,No,2186,
S7_F12_P3,Striped_Ladybug,Adult,Yes,2187,
S7_F12_P3,Striped_Ladybug,Adult,Yes,2188,
S7_F12_P4,Whitefly,Adult,Yes,2189,
S7_F12_P4,Minute_Brown_Scavenger_Beetle_sp._3,Adult,Yes,2190,
S7_F12_P4,Minute_Brown_Scavenger_Beetle_sp._3,Adult,Yes,2191,
S7_F12_P4,Minute_Brown_Scavenger_Beetle_sp._3,Adult,Yes,2192,
S7_F12_P4,Spotted_Amber_Ladybird,Adult,Yes,2193,
S7_F12_P4,Spotted_Amber_Ladybird,Adult,Yes,2194,
S7_F12_P4,Striped_Ladybug,Adult,Yes,2195,
S7_F12_P4,Striped_Ladybug,Adult,Yes,2196,
S7_F12_P4,White_Butterfly,Adult,Yes,2197,
S7_F12_P4,Small_Brown_Moth,Adult,Yes,2198,
S7_F12_P4,Fly_Dark_With_Pale_Orange,Adult,Yes,2199,
S7_F12_P5,Striped_Ladybug,Adult,Yes,2200,
S7_F12_P5,Striped_Ladybug,Adult,Yes,2201,
S7_F12_P5,Minute_Brown_Scavenger_Beetle_sp._3,Adult,Yes,2202,
S7_F12_P5,Minute_Brown_Scavenger_Beetle_sp._3,Adult,Yes,2203,
S7_F12_P5,Minute_Brown_Scavenger_Beetle_sp._3,Adult,Yes,2204,
S7_F12_P5,Minute_Brown_Scavenger_Beetle_sp._3,Adult,Yes,2205,
S7_F12_P5,Minute_Brown_Scavenger_Beetle_sp._3,Adult,Yes,2206,
S7_F12_P5,Spider_Brown_3,Adult,No,2207,
S7_F12_P5,Insecta_sp.,Adult,Yes,2208,
S7_F12_P5,Fly_Pale_Underneath,Adult,Yes,2209,
S7_F12_P6,Striped_Ladybug,Adult,Yes,2210,
S7_F12_P6,Striped_Ladybug,Adult,Yes,2211,
S7_F12_P6,Minute_Brown_Scavenger_Beetle_sp._3,Adult,Yes,2212,
S7_F12_P6,Aphid_Green,Adult,No,2213,
S7_F12_P7,Spotted_Amber_Ladybird,Adult,Yes,2214,
S7_F12_P7,Spotted_Amber_Ladybird,Adult,Yes,2215,
S7_F12_P7,Spotted_Amber_Ladybird,Adult,Yes,2216,
S7_F12_P7,Transverse_Ladybug,Adult,Yes,2217,
S7_F12_P7,Striped_Ladybug,Adult,Yes,2218,
S7_F12_P7,Striped_Ladybug,Adult,Yes,2219,
S7_F12_P7,Striped_Ladybug,Adult,Yes,2220,
S7_F12_P7,Striped_Ladybug,Adult,Yes,2221,
S7_F12_P7,Minute_Brown_Scavenger_Beetle_sp._3,Adult,Yes,2222,
S7_F12_P7,Green_Lacewing,Larva,No,2223,
S7_F12_P7,Common_House_Fly,Adult,Yes,2224,
S7_F12_P7,Orb_Weaving_Small,Adult,No,2225,
S7_F12_P7,Brown_Orbweaver_2,Adult,No,2226,
S7_F10_P5,Hoverfly,Adult,Yes,2227,
S7_F10_P5,Hoverfly,Adult,Yes,2228,
S7_F10_P5,Maculate_Ladybird,Adult,Yes,2229,
S7_F10_P5,Striped_Ladybug,Adult,Yes,2230,
S7_F10_P5,Rutherglen_Bug,Adult,Yes,2231,
S7_F10_P5,Rutherglen_Bug,Adult,Yes,2232,
S7_F10_P5,Rutherglen_Bug,Adult,Yes,2233,
S7_F10_P5,Rutherglen_Bug,Adult,Yes,2234,
S7_F10_P5,Mosquito_sp._5,Adult,Yes,2235,
S7_F10_P5,Mosquito_sp._5,Adult,Yes,2236,
S7_F10_P5,Mosquito_sp._5,Adult,Yes,2237,
S7_F10_P5,Mosquito_sp._5,Adult,Yes,2238,
S7_F10_P5,Mosquito_sp._5,Adult,Yes,2239,
S7_F10_P5,Mosquito_sp._5,Adult,Yes,2240,
S7_F10_P5,Mosquito_sp._5,Adult,Yes,2241,
S7_F10_P5,Mosquito_sp._5,Adult,Yes,2242,
S7_F10_P5,Mosquito_sp._5,Adult,Yes,2243,
S7_F10_P5,Mosquito_sp._5,Adult,Yes,2244,
S7_F10_P5,Mosquito_sp._5,Adult,Yes,2245,
S7_F10_P4,Striped_Ladybug,Adult,Yes,2246,
S7_F10_P4,Spotted_Amber_Ladybird,Adult,Yes,2247,
S7_F10_P4,Spotted_Amber_Ladybird,Adult,Yes,2248,
S7_F10_P4,Spider_Small_Brown,Adult,Yes,2249,
S7_F10_P4,Minute_Brown_Scavenger_Beetle_sp._3,Adult,Yes,2250,
S7_F10_P4,Minute_Brown_Scavenger_Beetle_sp._3,Adult,Yes,2251,
S7_F10_P4,Minute_Brown_Scavenger_Beetle_sp._3,Adult,Yes,2252,
S7_F10_P4,Sheet_Dwarf_sp._7,Adult,No,2253,
S7_F10_P4,Hoverfly,Adult,Yes,2254,
S7_F10_P4,Mosquito_sp._5,Adult,Yes,2255,
S7_F10_P4,Mosquito_sp._5,Adult,Yes,2256,
S7_F10_P4,Mosquito_sp._5,Adult,Yes,2257,
S7_F10_P4,Mosquito_sp._5,Adult,Yes,2258,
S7_F10_P4,Spider_Cream_Smooth,Adult,No,2259,
S7_F10_P3,Common_House_Fly,Adult,Yes,2260,
S7_F10_P3,Mosquito_sp._5,Adult,Yes,2261,
S7_F10_P3,Mosquito_sp._5,Adult,Yes,2262,
S7_F10_P3,Mosquito_sp._5,Adult,Yes,2263,
S7_F10_P3,Mosquito_sp._5,Adult,Yes,2264,
S7_F10_P3,Mosquito_sp._5,Adult,Yes,2265,
S7_F10_P3,Mosquito_sp._5,Adult,Yes,2266,
S7_F10_P3,Mosquito_sp._5,Adult,Yes,2267,
S7_F10_P3,Mosquito_sp._5,Adult,Yes,2268,
S7_F10_P3,Mosquito_sp._5,Adult,Yes,2269,
S7_F10_P3,Brown_Lacewing,Adult,Yes,2270,
S7_F10_P3,Green_Vegetable_Bug,Nymph,Yes,2271,2nd_Instar
S7_F10_P3,Green_Vegetable_Bug,Nymph,Yes,2272,2nd_Instar
S7_F10_P3,Minute_Brown_Scavenger_Beetle_sp._3,Adult,Yes,2273,
S7_F10_P2,Hoverfly,Adult,Yes,2274,
S7_F10_P2,Striped_Ladybug,Adult,Yes,2275,
S7_F10_P2,Striped_Ladybug,Adult,Yes,2276,
S7_F10_P2,Striped_Ladybug,Adult,Yes,2277,
S7_F10_P2,Striped_Ladybug,Adult,Yes,2278,
S7_F10_P2,Striped_Ladybug,Adult,Yes,2279,
S7_F10_P2,Spotted_Amber_Ladybird,Adult,Yes,2280,
S7_F10_P2,Common_House_Fly,Adult,Yes,2281,
S7_F10_P2,Minute_Brown_Scavenger_Beetle_sp._3,Adult,Yes,2282,
S7_F10_P2,Minute_Brown_Scavenger_Beetle_sp._3,Adult,Yes,2283,
S7_F10_P2,Minute_Brown_Scavenger_Beetle_sp._3,Adult,Yes,2284,
S7_F10_P2,Minute_Brown_Scavenger_Beetle_sp._3,Adult,Yes,2285,
S7_F10_P2,Minute_Brown_Scavenger_Beetle_sp._3,Adult,Yes,2286,
S7_F10_P2,Minute_Brown_Scavenger_Beetle_sp._3,Adult,Yes,2287,
S7_F10_P2,Seed_Bugs&Allies_sp.,Adult,Yes,2288,
S7_F10_P2,Seed_Bugs&Allies_sp.,Adult,Yes,2289,
S7_F10_P2,Mosquito_sp._5,Adult,Yes,2290,
S7_F10_P2,Mosquito_sp._5,Adult,Yes,2291,
S7_F10_P2,Mosquito_sp._5,Adult,Yes,2292,
S7_F10_P2,Mosquito_sp._5,Adult,Yes,2293,
S7_F10_P2,Mosquito_sp._5,Adult,Yes,2294,
S7_F10_P2,Mosquito_sp._5,Adult,Yes,2295,
S7_F10_P2,Mosquito_sp._5,Adult,Yes,2296,
S7_F10_P2,Mosquito_sp._5,Adult,Yes,2297,
S7_F10_P2,Mosquito_sp._5,Adult,Yes,2298,
S7_F10_P2,Mosquito_sp._5,Adult,Yes,2299,
S7_F10_P2,Mosquito_sp._5,Adult,Yes,2300,
S7_F10_P2,Mosquito_sp._5,Adult,Yes,2301,
S7_F10_P1,Mosquito_sp._5,Adult,Yes,2302,
S7_F10_P1,Mosquito_sp._5,Adult,Yes,2303,
S7_F10_P1,Mosquito_sp._5,Adult,Yes,2304,
S7_F10_P1,Mosquito_sp._5,Adult,Yes,2305,
S7_F10_P1,Mosquito_sp._5,Adult,Yes,2306,
S7_F10_P1,Hoverfly,Adult,Yes,2307,
S7_F10_P1,Hoverfly,Adult,Yes,2308,
S7_F10_P1,Hoverfly,Adult,Yes,2309,
S7_F10_P1,Hoverfly,Adult,Yes,2310,
S7_F10_P1,Hoverfly,Adult,Yes,2311,
S7_F10_P1,Hoverfly,Adult,Yes,2312,
S7_F10_P1,Striped_Ladybug,Adult,Yes,2313,
S7_F10_P1,Striped_Ladybug,Adult,Yes,2314,
S7_F10_P1,Striped_Ladybug,Adult,Yes,2315,
S7_F10_P1,Striped_Ladybug,Adult,Yes,2316,
S7_F10_P1,Minute_Two-spotted_Ladybird,Adult,Yes,2317,
S7_F10_P1,Pacific_Damsel_Bug,Adult,Yes,2318,
S7_F10_P1,Common_House_Fly,Adult,Yes,2319,
S7_F10_P1,Common_House_Fly,Adult,Yes,2320,
S7_F10_P1,Common_House_Fly,Adult,Yes,2321,
S7_F10_P1,Rutherglen_Bug,Adult,Yes,2322,
S7_F10_P1,Rutherglen_Bug,Adult,Yes,2323,
S7_F10_P6,Hoverfly,Adult,Yes,2324,
S7_F10_P6,Hoverfly,Adult,Yes,2325,
S7_F10_P6,Striped_Ladybug,Adult,Yes,2326,
S7_F10_P6,Striped_Ladybug,Adult,Yes,2327,
S7_F10_P6,Rutherglen_Bug,Adult,Yes,2328,
S7_F10_P6,Minute_Brown_Scavenger_Beetle_sp._3,Adult,Yes,2329,
S7_F10_P6,Minute_Brown_Scavenger_Beetle_sp._3,Adult,Yes,2330,
S7_F10_P6,Mottled_Brown_Leaf_Hopper,Adult,Yes,2331,
S7_F10_P6,Rosopaella_Leafhopper,Adult,Yes,2332,
S7_F10_P6,Green_Mirid,Adult,Yes,2333,
S7_F10_P6,Australian_Bluetail,Adult,Yes,2334,
S7_F10_P6,White_Butterfly,Adult,Yes,2335,
S7_F10_P7,Australian_Bluetail,Adult,Yes,2336,
S7_F10_P7,Australian_Bluetail,Adult,Yes,2337,
S7_F10_P7,Small_Dusky-Blue,Adult,Yes,2338,
S7_F10_P7,Hoverfly,Adult,Yes,2339,
S7_F10_P7,Hoverfly,Adult,Yes,2340,
S7_F10_P7,Spur-throated_Locust,Adult,Yes,2341,
S7_F10_P7,Striped_Ladybug,Adult,Yes,2342,
S7_F10_P7,Striped_Ladybug,Adult,Yes,2343,
S7_F10_P7,Transverse_Ladybug,Adult,Yes,2344,
S7_F10_P7,Transverse_Ladybug,Adult,Yes,2345,
S7_F10_P7,Angulate_and_Roundshouldered_Orbweavers_Sp.,Adult,Yes,2346,
S7_F10_P7,Seed_Bugs&Allies_sp.,Adult,Yes,2347,
S7_F10_P7,Black_Psylloid,Adult,Yes,2348,
S7_F10_P7,Ichneumonid_Wasp,Adult,Yes,2349,
S7_F10_P7,Common_House_Fly,Adult,Yes,2350,
S7_F10_P7,Common_House_Fly,Adult,Yes,2351,
S7_F10_P7,Fly_5,Adult,Yes,2352,
S7_F10_P8,Mosquito_sp._5,Adult,Yes,2353,
S7_F10_P8,Mosquito_sp._5,Adult,Yes,2354,
S7_F10_P8,Striped_Ladybug,Adult,Yes,2355,
S7_F10_P8,Striped_Ladybug,Adult,Yes,2356,
S7_F10_P8,Striped_Ladybug,Adult,Yes,2357,
S7_F10_P8,Striped_Ladybug,Adult,Yes,2358,
S7_F10_P8,Hoverfly,Adult,Yes,2359,
S7_F10_P8,Minute_Brown_Scavenger_Beetle_sp._3,Adult,Yes,2360,
S7_F10_P8,Minute_Brown_Scavenger_Beetle_sp._3,Adult,Yes,2361,
S7_F10_P8,Green_Vegetable_Bug,Nymph,Yes,2362,2nd_Instar
S7_F10_P9,Mosquito_sp._5,Adult,Yes,2363,
S7_F10_P9,Australian_Bluetail,Adult,Yes,2364,
S7_F10_P9,Striped_Ladybug,Adult,Yes,2365,
S7_F10_P9,Striped_Ladybug,Adult,Yes,2366,
S7_F10_P9,Hoverfly,Adult,Yes,2367,
S7_F10_P9,Transverse_Ladybug,Adult,Yes,2368,
S7_F10_P9,Spotted_Amber_Ladybird,Adult,Yes,2369,
S7_F10_P9,Rutherglen_Bug,Adult,Yes,2370,
S7_F10_P9,Sheet_Dwarf_sp._9,Adult,No,2371,
S7_F10_P9,Straight-snouted_Weevil_sp.,Adult,Yes,2372,
S7_F10_P9,Spur-throated_Locust,Adult,Yes,2373,
S7_F10_P10,White_Butterfly,Adult,Yes,2374,
S7_F10_P10,Spotted_Amber_Ladybird,Adult,Yes,2375,
S7_F10_P10,Spotted_Amber_Ladybird,Adult,Yes,2376,
S7_F10_P10,Transverse_Ladybug,Adult,Yes,2377,
S7_F10_P10,Longlegged_Sac_Spider,Adult,No,2378,
S7_F10_P10,Silver_Orb_Spider,Adult,No,2379,
S7_F10_P10,Green_Vegetable_Bug,Nymph,Yes,2380,2nd_Instar
S7_F10_P10,Green_Vegetable_Bug,Nymph,Yes,2381,2nd_Instar
S7_F10_P10,Green_Vegetable_Bug,Nymph,Yes,2382,2nd_Instar
S7_F10_P10,Green_Vegetable_Bug,Nymph,Yes,2383,2nd_Instar
S8_F10_P5,Orbweaver_Black_White,Adult,No,2384,
S8_F10_P5,Orbweaver_Black_White,Adult,No,2385,
S8_F10_P5,Orbweaver_Black_White,Adult,No,2386,
S8_F10_P5,Striped_Ladybug,Adult,Yes,2387,
S8_F10_P5,Striped_Ladybug,Adult,Yes,2388,
S8_F10_P5,Spotted_Amber_Ladybird,Adult,Yes,2389,
S8_F10_P5,Australian_Plague_Locust,Adult,Yes,2390,
S8_F10_P5,Seed_Bugs&Allies_sp.,Adult,Yes,2391,
S8_F10_P5,Minute_Brown_Scavenger_Beetle_sp._3,Adult,Yes,2392,
S8_F10_P5,Minute_Brown_Scavenger_Beetle_sp._3,Adult,Yes,2393,
S8_F10_P5,Minute_Brown_Scavenger_Beetle_sp._3,Adult,Yes,2394,
S8_F10_P5,Minute_Brown_Scavenger_Beetle_sp._3,Adult,Yes,2395,
S8_F10_P5,Minute_Brown_Scavenger_Beetle_sp._3,Adult,Yes,2396,
S8_F10_P5,White_Moth_Medium,Adult,Yes,2397,
S8_F10_P4,Small_Dusky-Blue,Adult,Yes,2398,
S8_F10_P4,Striped_Ladybug,Adult,Yes,2399,
S8_F10_P4,Transverse_Ladybug,Adult,Yes,2400,
S8_F10_P4,Transverse_Ladybug,Adult,Yes,2401,
S8_F10_P4,Minute_Brown_Scavenger_Beetle_sp._3,Adult,Yes,2402,
S8_F10_P4,Minute_Brown_Scavenger_Beetle_sp._3,Adult,Yes,2403,
S8_F10_P4,Minute_Brown_Scavenger_Beetle_sp._3,Adult,Yes,2404,
S8_F10_P4,Minute_Brown_Scavenger_Beetle_sp._3,Adult,Yes,2405,
S8_F10_P4,Minute_Brown_Scavenger_Beetle_sp._3,Adult,Yes,2406,
S8_F10_P4,Minute_Brown_Scavenger_Beetle_sp._3,Adult,Yes,2407,
S8_F10_P4,Sheet_Dwarf_sp._10,Adult,No,2408,
S8_F10_P4,Brown_Orbweaver_3,Adult,No,2409,
S8_F10_P4,Red_Hemiptera_2,Adult,Yes,2410,
S8_F10_P4,Green_Vegetable_Bug,Nymph,Yes,2411,5nd_Instar
S8_F10_P4,Green_Vegetable_Bug,Nymph,Yes,2412,4th_Instar
S8_F10_P4,Seed_Bugs&Allies_sp.,Adult,Yes,2413,
S8_F10_P4,Little_Hemi_2,Adult,Yes,2414,
S8_F10_P4,Little_Hemi_2,Adult,Yes,2415,
S8_F10_P4,Little_Hemi_2,Adult,Yes,2416,
S8_F10_P4,Little_Hemi_2,Adult,Yes,2417,
S8_F10_P4,Little_Hemi_2,Adult,Yes,2418,
S8_F10_P4,Little_Hemi_2,Adult,Yes,2419,
S8_F10_P4,Little_Hemi_2,Adult,Yes,2420,
S8_F10_P4,Little_Hemi_2,Adult,Yes,2421,
S8_F10_P4,Little_Hemi_2,Adult,Yes,2422,
S8_F10_P4,Little_Hemi_2,Adult,Yes,2423,
S8_F10_P4,Little_Hemi_2,Adult,Yes,2424,
S8_F10_P4,Little_Hemi_2,Adult,Yes,2425,
S8_F10_P4,Little_Hemi_2,Adult,Yes,2426,
S8_F10_P4,Little_Hemi_2,Adult,Yes,2427,
S8_F10_P4,Little_Hemi_2,Adult,Yes,2428,
S8_F10_P4,Little_Hemi_2,Adult,Yes,2429,
S8_F10_P4,Little_Hemi_2,Adult,Yes,2430,
S8_F10_P4,Little_Hemi_2,Adult,Yes,2431,
S8_F10_P4,Little_Hemi_2,Adult,Yes,2432,
S8_F10_P4,Little_Hemi_2,Adult,Yes,2433,
S8_F10_P3,Small_Dusky-Blue,Adult,Yes,2434,
S8_F10_P3,Minute_Brown_Scavenger_Beetle_sp._3,Adult,Yes,2435,
S8_F10_P3,Minute_Brown_Scavenger_Beetle_sp._3,Adult,Yes,2436,
S8_F10_P3,Minute_Brown_Scavenger_Beetle_sp._3,Adult,Yes,2437,
S8_F10_P3,Minute_Brown_Scavenger_Beetle_sp._3,Adult,Yes,2438,
S8_F10_P3,Minute_Brown_Scavenger_Beetle_sp._3,Adult,Yes,2439,
S8_F10_P3,Minute_Brown_Scavenger_Beetle_sp._3,Adult,Yes,2440,
S8_F10_P3,Brown_Orbweaver_3,Adult,No,2441,
S8_F10_P3,Straight-snouted_Weevil_sp.,Adult,Yes,2442,
S8_F10_P3,Seed_Bugs&Allies_sp.,Adult,Yes,2443,
S8_F10_P3,Common_House_Fly,Adult,Yes,2444,
S8_F10_P3,Hoverfly,Adult,Yes,2445,
S8_F10_P3,Ray_Orbweaver_sp.,Adult,No,2446,
S8_F10_P3,Tiny_Pale_Spider,Adult,Yes,2447,
S8_F10_P2,Minute_Brown_Scavenger_Beetle_sp._3,Adult,Yes,2448,
S8_F10_P2,Minute_Brown_Scavenger_Beetle_sp._3,Adult,Yes,2449,
S8_F10_P2,Minute_Brown_Scavenger_Beetle_sp._3,Adult,Yes,2450,
S8_F10_P2,Minute_Brown_Scavenger_Beetle_sp._3,Adult,Yes,2451,
S8_F10_P2,Minute_Brown_Scavenger_Beetle_sp._3,Adult,Yes,2452,
S8_F10_P2,Minute_Brown_Scavenger_Beetle_sp._3,Adult,Yes,2453,
S8_F10_P2,Minute_Brown_Scavenger_Beetle_sp._3,Adult,Yes,2454,
S8_F10_P2,Minute_Brown_Scavenger_Beetle_sp._3,Adult,Yes,2455,
S8_F10_P2,Minute_Brown_Scavenger_Beetle_sp._3,Adult,Yes,2456,
S8_F10_P2,Minute_Brown_Scavenger_Beetle_sp._3,Adult,Yes,2457,
S8_F10_P2,Transverse_Ladybug,Adult,Yes,2458,
S8_F10_P2,Black_Wasp_2,Adult,Yes,2459,
S8_F10_P2,Pacific_Damsel_Bug,Adult,Yes,2460,
S8_F10_P2,Green_Vegetable_Bug,Nymph,Yes,2461,2nd_Instar
S8_F10_P1,Spur-throated_Locust,Adult,Yes,2462,
S8_F10_P1,Common_House_Fly,Adult,Yes,2463,
S8_F10_P1,Green_Vegetable_Bug,Nymph,Yes,2464,3rd_Instar
S8_F10_P1,Spider_Abdomen_Patterned,Adult,No,2465,
S8_F10_P1,Silver_Orb_Spider,Adult,No,2466,
S8_F10_P1,Minute_Brown_Scavenger_Beetle_sp._3,Adult,Yes,2467,
S8_F10_P1,Minute_Brown_Scavenger_Beetle_sp._3,Adult,Yes,2468,
S8_F10_P1,Transverse_Ladybug,Adult,Yes,2469,
S8_F10_P6,Green_Vegetable_Bug,Nymph,Yes,2470,
S8_F10_P6,Minute_Brown_Scavenger_Beetle_sp._3,Adult,Yes,2471,
S8_F10_P6,Minute_Brown_Scavenger_Beetle_sp._3,Adult,Yes,2472,
S8_F10_P6,Minute_Brown_Scavenger_Beetle_sp._3,Adult,Yes,2473,
S8_F10_P6,Minute_Brown_Scavenger_Beetle_sp._3,Adult,Yes,2474,
S8_F10_P6,Minute_Brown_Scavenger_Beetle_sp._3,Adult,Yes,2475,
S8_F10_P6,Minute_Brown_Scavenger_Beetle_sp._3,Adult,Yes,2476,
S8_F10_P6,Minute_Brown_Scavenger_Beetle_sp._3,Adult,Yes,2477,
S8_F10_P6,Transverse_Ladybug,Adult,Yes,2478,
S8_F10_P6,Silver_Orb_Spider,Adult,No,2479,
S8_F10_P6,Longlegged_Sac_Spider,Adult,No,2480,
S8_F10_P6,Aphid_Green,Adult,Yes,2481,
S8_F10_P6,Brown_Orbweaver_3,Adult,No,2482,
S8_F10_P6,Spur-throated_Locust,Adult,Yes,2483,
S8_F10_P6,Aphid_Black,Adult,Yes,2484,
S8_F10_P6,Ladybug,Nymph,No,2485,
S8_F10_P6,Minute_Two-spotted_Ladybird,Adult,Yes,2486,
S8_F10_P6,Dark_Brown_Hemi,Adult,Yes,2487,
S8_F10_P6,Green_Red_Dragonfly,Adult,Yes,2488,
S8_F10_P7,Hoverfly,Adult,Yes,2489,
S8_F10_P7,Hoverfly,Adult,Yes,2490,
S8_F10_P7,Pacific_Damsel_Bug,Adult,Yes,2491,
S8_F10_P7,Pacific_Damsel_Bug,Adult,Yes,2492,
S8_F10_P7,Ray_Orbweaver_sp.,Adult,No,2493,
S8_F10_P7,Spur-throated_Locust,Adult,Yes,2494,
S8_F10_P7,Minute_Brown_Scavenger_Beetle_sp._3,Adult,Yes,2495,
S8_F10_P7,Minute_Brown_Scavenger_Beetle_sp._3,Adult,Yes,2496,
S8_F10_P7,Minute_Brown_Scavenger_Beetle_sp._3,Adult,Yes,2497,
S8_F10_P7,Minute_Brown_Scavenger_Beetle_sp._3,Adult,Yes,2498,
S8_F10_P7,Minute_Brown_Scavenger_Beetle_sp._3,Adult,Yes,2499,
S8_F10_P8,Seed_Bugs&Allies_sp.,Adult,Yes,2500,
S8_F10_P8,Seed_Bugs&Allies_sp.,Adult,Yes,2501,
S8_F10_P8,Small_Dusky-Blue,Adult,Yes,2502,
S8_F10_P8,Pacific_Damsel_Bug,Adult,Yes,2503,
S8_F10_P8,Transverse_Ladybug,Adult,Yes,2504,
S8_F10_P8,Green_Vegetable_Bug,Adult,Yes,2505,
S8_F10_P8,Minute_Brown_Scavenger_Beetle_sp._3,Adult,Yes,2506,
S8_F10_P8,Minute_Brown_Scavenger_Beetle_sp._3,Adult,Yes,2507,
S8_F10_P8,Minute_Brown_Scavenger_Beetle_sp._3,Adult,Yes,2508,
S8_F10_P8,Minute_Brown_Scavenger_Beetle_sp._3,Adult,Yes,2509,
S8_F10_P8,Minute_Brown_Scavenger_Beetle_sp._3,Adult,Yes,2510,
S8_F10_P9,Minute_Brown_Scavenger_Beetle_sp._3,Adult,Yes,2511,
S8_F10_P9,Minute_Brown_Scavenger_Beetle_sp._3,Adult,Yes,2512,
S8_F10_P9,Minute_Brown_Scavenger_Beetle_sp._3,Adult,Yes,2513,
S8_F10_P9,Minute_Brown_Scavenger_Beetle_sp._3,Adult,Yes,2514,
S8_F10_P9,Crab_Spider_sp.,Adult,No,2515,
S8_F10_P10,Small_Dusky-Blue,Adult,Yes,2516,
S8_F10_P10,Pacific_Damsel_Bug,Adult,Yes,2517,
S8_F10_P10,Potato_Tuber_Moth,Nymph,No,2518,
S8_F10_P10,Longlegged_Sac_Spider,Adult,No,2519,
S8_F10_P10,Minute_Brown_Scavenger_Beetle_sp._3,Adult,Yes,2520,
S8_F10_P10,Minute_Brown_Scavenger_Beetle_sp._3,Adult,Yes,2521,
S8_F10_P10,Minute_Brown_Scavenger_Beetle_sp._3,Adult,Yes,2522,
S8_F10_P10,Minute_Brown_Scavenger_Beetle_sp._3,Adult,Yes,2523,
S8_F13_P5,Brown_Orbweaver_3,Adult,No,2524,
S8_F13_P5,Brown_Orbweaver_3,Adult,No,2525,
S8_F13_P5,Ray_Orbweaver_sp.,Adult,No,2526,
S8_F13_P5,Ray_Orbweaver_sp.,Adult,No,2527,
S8_F13_P5,Hairy_Fungus_Beetle,Adult,Yes,2528,
S8_F13_P5,Minute_Brown_Scavenger_Beetle_sp._3,Adult,Yes,2529,
S8_F13_P5,Minute_Brown_Scavenger_Beetle_sp._3,Adult,Yes,2530,
S8_F13_P5,Minute_Brown_Scavenger_Beetle_sp._3,Adult,Yes,2531,
S8_F13_P5,Minute_Brown_Scavenger_Beetle_sp._3,Adult,Yes,2532,
S8_F13_P5,Minute_Brown_Scavenger_Beetle_sp._3,Adult,Yes,2533,
S8_F13_P5,Minute_Brown_Scavenger_Beetle_sp._3,Adult,Yes,2534,
S8_F13_P5,Minute_Brown_Scavenger_Beetle_sp._3,Adult,Yes,2535,
S8_F13_P5,Minute_Brown_Scavenger_Beetle_sp._3,Adult,Yes,2536,
S8_F13_P5,Minute_Brown_Scavenger_Beetle_sp._3,Adult,Yes,2537,
S8_F13_P5,Minute_Brown_Scavenger_Beetle_sp._3,Adult,Yes,2538,
S8_F13_P10,Silver_Orb_Spider,Adult,No,2539,
S8_F13_P10,Brown_Orbweaver_3,Adult,No,2540,
S8_F13_P10,Minute_Brown_Scavenger_Beetle_sp._3,Adult,Yes,2541,
S8_F13_P10,Minute_Brown_Scavenger_Beetle_sp._3,Adult,Yes,2542,
S8_F13_P10,Minute_Brown_Scavenger_Beetle_sp._3,Adult,Yes,2543,
S8_F13_P10,Minute_Brown_Scavenger_Beetle_sp._3,Adult,Yes,2544,
S8_F13_P10,Spur-throated_Locust,Adult,Yes,2545,
S8_F13_P15,Silver_Orb_Spider,Adult,Yes,2546,
S8_F13_P15,Whitefly,Adult,Yes,2547,
S8_F13_P15,Whitefly,Adult,Yes,2548,
S8_F13_P15,Whitefly,Adult,Yes,2549,
S8_F13_P15,Whitefly,Adult,Yes,2550,
S8_F13_P15,Whitefly,Adult,Yes,2551,
S8_F13_P15,Whitefly,Adult,Yes,2552,
S8_F13_P15,Striped_Orb_Weaver,Adult,No,2553,
S8_F13_P15,Brown_Orbweaver_3,Adult,No,2554,
S8_F13_P15,Minute_Brown_Scavenger_Beetle_sp._3,Adult,Yes,2555,
S8_F13_P15,Minute_Brown_Scavenger_Beetle_sp._3,Adult,Yes,2556,
S8_F13_P15,Minute_Brown_Scavenger_Beetle_sp._3,Adult,Yes,2557,
S8_F13_P15,Minute_Brown_Scavenger_Beetle_sp._3,Adult,Yes,2558,
S8_F13_P15,Minute_Brown_Scavenger_Beetle_sp._3,Adult,Yes,2559,
S8_F13_P15,Minute_Brown_Scavenger_Beetle_sp._3,Adult,Yes,2560,
S8_F13_P15,Minute_Brown_Scavenger_Beetle_sp._3,Adult,Yes,2561,
S8_F13_P15,Minute_Brown_Scavenger_Beetle_sp._3,Adult,Yes,2562,
S8_F13_P15,Minute_Brown_Scavenger_Beetle_sp._3,Adult,Yes,2563,
S8_F13_P15,Minute_Brown_Scavenger_Beetle_sp._3,Adult,Yes,2564,
S8_F13_P15,Minute_Brown_Scavenger_Beetle_sp._3,Adult,Yes,2565,
S8_F13_P20,Silver_Orb_Spider,Adult,No,2566,
S8_F13_P20,Minute_Brown_Scavenger_Beetle_sp._3,Adult,Yes,2567,
S8_F13_P20,Minute_Brown_Scavenger_Beetle_sp._3,Adult,Yes,2568,
S8_F13_P20,Longlegged_Sac_Spider,Adult,No,2569,
S8_F13_P20,Sheet_Dwarf_sp._10,Adult,No,2570,
S8_F13_P20,Striped_Orb_Weaver,Adult,No,2571,
S8_F13_P25,Silver_Orb_Spider,Adult,No,2572,
S8_F13_P25,Brown_Spider,Adult,No,2573,
S8_F13_P25,Brown_Spider,Adult,No,2574,
S8_F13_P25,Sheet_Dwarf_sp._10,Adult,No,2575,
S8_F13_P25,Sheet_Dwarf_sp._10,Adult,No,2576,
S8_F13_P25,Sheet_Dwarf_sp._10,Adult,No,2577,
S8_F13_P25,Sheet_Dwarf_sp._10,Adult,No,2578,
S8_F13_P25,Transverse_Ladybug,Adult,Yes,2579,
S8_F13_P25,Minute_Brown_Scavenger_Beetle_sp._3,Adult,Yes,2580,
S8_F13_P25,Minute_Brown_Scavenger_Beetle_sp._3,Adult,Yes,2581,
S8_F13_P26,Ray_Orbweaver_sp.,Adult,No,2582,
S8_F13_P26,Brown_Spider,Adult,No,2583,
S8_F13_P26,Ray_Orbweaver_sp.,Adult,No,2584,
S8_F13_P26,Spider_Pale_Brown,Adult,No,2585,
S8_F13_P26,Transverse_Ladybug,Adult,Yes,2586,
S8_F13_P26,Whitefly,Adult,Yes,2587,
S8_F13_P26,Whitefly,Adult,Yes,2588,
S8_F13_P26,Sheet_Dwarf_sp._10,Adult,No,2589,
S8_F13_P26,Minute_Brown_Scavenger_Beetle_sp._3,Adult,Yes,2590,
S8_F13_P26,Minute_Brown_Scavenger_Beetle_sp._3,Adult,Yes,2591,
S8_F13_P26,Minute_Brown_Scavenger_Beetle_sp._3,Adult,Yes,2592,
S8_F13_P26,Minute_Brown_Scavenger_Beetle_sp._3,Adult,Yes,2593,
S8_F13_P26,Minute_Brown_Scavenger_Beetle_sp._3,Adult,Yes,2594,
S8_F13_P21,Minute_Brown_Scavenger_Beetle_sp._3,Adult,Yes,2595,
S8_F13_P21,Minute_Brown_Scavenger_Beetle_sp._3,Adult,Yes,2596,
S8_F13_P21,Minute_Brown_Scavenger_Beetle_sp._3,Adult,Yes,2597,
S8_F13_P21,Brown_Spider,Adult,No,2598,
S8_F13_P21,Sheet_Dwarf_sp._11,Adult,No,2599,
S8_F13_P16,Green_Vegetable_Bug,Nymph,Yes,2600,2nd_Instar
S8_F13_P16,Minute_Brown_Scavenger_Beetle_sp._3,Adult,Yes,2601,
S8_F13_P16,Minute_Brown_Scavenger_Beetle_sp._3,Adult,Yes,2602,
S8_F13_P16,Minute_Brown_Scavenger_Beetle_sp._3,Adult,Yes,2603,
S8_F13_P16,Minute_Brown_Scavenger_Beetle_sp._3,Adult,Yes,2604,
S8_F13_P16,Minute_Brown_Scavenger_Beetle_sp._3,Adult,Yes,2605,
S8_F13_P16,Minute_Brown_Scavenger_Beetle_sp._3,Adult,Yes,2606,
S8_F13_P16,Minute_Brown_Scavenger_Beetle_sp._3,Adult,Yes,2607,
S8_F13_P16,Minute_Brown_Scavenger_Beetle_sp._3,Adult,Yes,2608,
S8_F13_P16,Minute_Brown_Scavenger_Beetle_sp._3,Adult,Yes,2609,
S8_F13_P16,Minute_Brown_Scavenger_Beetle_sp._3,Adult,Yes,2610,
S8_F13_P16,Minute_Brown_Scavenger_Beetle_sp._3,Adult,Yes,2611,
S8_F13_P16,Minute_Brown_Scavenger_Beetle_sp._3,Adult,Yes,2612,
S8_F13_P16,Pale_Spider,Adult,No,2613,
S8_F13_P11,Ray_Orbweaver_sp.,Adult,No,2614,
S8_F13_P11,Ray_Orbweaver_sp.,Adult,No,2615,
S8_F13_P11,Minute_Brown_Scavenger_Beetle_sp._3,Adult,Yes,2616,
S8_F13_P11,Minute_Brown_Scavenger_Beetle_sp._3,Adult,Yes,2617,
S8_F13_P11,Minute_Brown_Scavenger_Beetle_sp._3,Adult,Yes,2618,
S8_F13_P11,Minute_Brown_Scavenger_Beetle_sp._3,Adult,Yes,2619,
S8_F13_P11,Minute_Brown_Scavenger_Beetle_sp._3,Adult,Yes,2620,
S8_F13_P11,Minute_Brown_Scavenger_Beetle_sp._3,Adult,Yes,2621,
S8_F13_P11,Minute_Brown_Scavenger_Beetle_sp._3,Adult,Yes,2622,
S8_F13_P11,Minute_Brown_Scavenger_Beetle_sp._3,Adult,Yes,2623,
S8_F13_P11,Minute_Brown_Scavenger_Beetle_sp._3,Adult,Yes,2624,
S8_F13_P11,Minute_Brown_Scavenger_Beetle_sp._3,Adult,Yes,2625,
S8_F13_P11,Minute_Brown_Scavenger_Beetle_sp._3,Adult,Yes,2626,
S8_F13_P11,Minute_Brown_Scavenger_Beetle_sp._3,Adult,Yes,2627,
S8_F13_P11,Minute_Brown_Scavenger_Beetle_sp._3,Adult,Yes,2628,
S8_F13_P11,Minute_Brown_Scavenger_Beetle_sp._3,Adult,Yes,2629,
S8_F13_P11,Minute_Brown_Scavenger_Beetle_sp._3,Adult,Yes,2630,
S8_F13_P11,Minute_Brown_Scavenger_Beetle_sp._3,Adult,Yes,2631,
S8_F13_P6,Minute_Brown_Scavenger_Beetle_sp._3,Adult,Yes,2632,
S8_F13_P6,Minute_Brown_Scavenger_Beetle_sp._3,Adult,Yes,2633,
S8_F13_P6,Transverse_Ladybug,Adult,Yes,2634,
S8_F13_P6,Brown_Spider,Adult,No,2635,
S8_F13_P6,Brown_Spider,Adult,No,2636,
S8_F13_P6,Sheet_Dwarf_sp._10,Adult,No,2637,
S8_F13_P6,Brown_Spider_3,Adult,No,2638,
S8_F13_P6,Brown_Spider_3,Adult,No,2639,
S8_F13_P1,Silver_Orb_Spider,Adult,No,2640,
S8_F13_P1,Whitefly,Adult,Yes,2641,
S8_F13_P1,Minute_Brown_Scavenger_Beetle_sp._3,Adult,Yes,2642,
S8_F13_P1,Minute_Brown_Scavenger_Beetle_sp._3,Adult,Yes,2643,
S8_F13_P1,Minute_Brown_Scavenger_Beetle_sp._3,Adult,Yes,2644,
S8_F13_P1,Minute_Brown_Scavenger_Beetle_sp._3,Adult,Yes,2645,
S8_F13_P1,Ray_Orbweaver_sp.,Adult,No,2646,
S8_F13_P1,Pale_Spider,Adult,No,2647,
S8_F13_P2,Silver_Orb_Spider,Adult,No,2648,
S8_F13_P2,Silver_Orb_Spider,Adult,No,2649,
S8_F13_P2,Silver_Orb_Spider,Adult,No,2650,
S8_F13_P2,Brown_Spider,Adult,No,2651,
S8_F13_P2,Small_Black_Spider_3,Adult,No,2652,
S8_F13_P2,Spider_Pale_Brown,Adult,No,2653,
S8_F13_P7,Dark_Brown_Hemi,Adult,Yes,2654,
S8_F13_P7,Green_Lacewing,Nymph,No,2655,
S8_F13_P7,Pale_Spider,Adult,No,2656,
S8_F13_P7,Minute_Brown_Scavenger_Beetle_sp._3,Adult,Yes,2657,
S8_F13_P7,Minute_Brown_Scavenger_Beetle_sp._3,Adult,Yes,2658,
S8_F13_P7,Minute_Brown_Scavenger_Beetle_sp._3,Adult,Yes,2659,
S8_F13_P7,Minute_Brown_Scavenger_Beetle_sp._3,Adult,Yes,2660,
S8_F13_P7,Minute_Brown_Scavenger_Beetle_sp._3,Adult,Yes,2661,
S8_F13_P7,Minute_Brown_Scavenger_Beetle_sp._3,Adult,Yes,2662,
S8_F13_P7,Minute_Brown_Scavenger_Beetle_sp._3,Adult,Yes,2663,
S8_F13_P17,Non-biting_Midge_Sp._2,Adult,Yes,2664,
S8_F13_P17,Ray_Orbweaver_sp.,Adult,Yes,2665,
S8_F13_P17,Shiny_Flea_Beetle,Adult,Yes,2666,
S8_F13_P17,Brown_Orbweaver_4,Adult,No,2667,
S8_F13_P17,Fly_Black,Adult,Yes,2668,
S8_F13_P17,Minute_Brown_Scavenger_Beetle_sp._3,Adult,Yes,2669,
S8_F13_P17,Minute_Brown_Scavenger_Beetle_sp._3,Adult,Yes,2670,
S8_F13_P17,Minute_Brown_Scavenger_Beetle_sp._3,Adult,Yes,2671,
S8_F13_P17,Minute_Brown_Scavenger_Beetle_sp._3,Adult,Yes,2672,
S8_F13_P17,Minute_Brown_Scavenger_Beetle_sp._3,Adult,Yes,2673,
S8_F13_P17,Minute_Brown_Scavenger_Beetle_sp._3,Adult,Yes,2674,
S8_F13_P17,Minute_Brown_Scavenger_Beetle_sp._3,Adult,Yes,2675,
S8_F13_P17,Minute_Brown_Scavenger_Beetle_sp._3,Adult,Yes,2676,
S8_F13_P17,Minute_Brown_Scavenger_Beetle_sp._3,Adult,Yes,2677,
S8_F13_P17,Minute_Brown_Scavenger_Beetle_sp._3,Adult,Yes,2678,
S8_F13_P22,Spider_Pale_Brown,Adult,No,2679,
S8_F13_P22,Brown_Spider,Adult,No,2680,
S8_F13_P22,Pale_Spider,Adult,No,2681,
S8_F13_P22,Minute_Brown_Scavenger_Beetle_sp._3,Adult,Yes,2682,
S8_F13_P22,Minute_Brown_Scavenger_Beetle_sp._3,Adult,Yes,2683,
S8_F13_P22,Minute_Brown_Scavenger_Beetle_sp._3,Adult,Yes,2684,
S8_F13_P22,Minute_Brown_Scavenger_Beetle_sp._3,Adult,Yes,2685,
S8_F13_P27,Brown_Spider,Adult,No,2686,
S8_F13_P27,Orb_Weaving_Small,Adult,No,2687,
S8_F13_P27,Minute_Brown_Scavenger_Beetle_sp._3,Adult,Yes,2688,
S8_F13_P27,Minute_Brown_Scavenger_Beetle_sp._3,Adult,Yes,2689,
S8_F13_P27,Minute_Brown_Scavenger_Beetle_sp._3,Adult,Yes,2690,
S8_F13_P27,Minute_Brown_Scavenger_Beetle_sp._3,Adult,Yes,2691,
S8_F13_P28,Brown_Spider,Adult,No,2692,
S8_F13_P28,Minute_Brown_Scavenger_Beetle_sp._3,Adult,Yes,2693,
S8_F13_P28,Minute_Brown_Scavenger_Beetle_sp._3,Adult,Yes,2694,
S8_F13_P23,Brown_Spider,Adult,No,2695,
S8_F13_P23,Brown_Spider,Adult,No,2696,
S8_F13_P23,Brown_Spider,Adult,No,2697,
S8_F13_P23,Longlegged_Sac_Spider,Adult,No,2698,
S8_F13_P23,Transverse_Ladybug,Adult,Yes,2699,
S8_F13_P23,Pale_Spider,Adult,No,2700,
S8_F13_P23,Tiny_Pale_Spider_Brown,Adult,No,2701,
S8_F13_P23,Tiny_Pale_Spider_Brown,Adult,No,2702,
S8_F13_P18,Brown_Spider,Adult,No,2703,
S8_F13_P18,Brown_Orbweaver_4,Adult,No,2704,
S8_F13_P18,Green_Vegetable_Bug,Nymph,Yes,2705,2nd Instar
S8_F13_P13,Spotted_Amber_Ladybird,Adult,Yes,2706,
S8_F13_P13,Christmas_Jewel_Spider,Adult,No,2707,
S8_F13_P13,Small_Black_White_Spider,Adult,No,2708,
S8_F13_P8,Minute_Brown_Scavenger_Beetle_sp._3,Adult,Yes,2709,
S8_F13_P8,Brown_Spider,Adult,No,2710,
S8_F13_P8,Brown_Spider,Adult,No,2711,
S8_F13_P8,Spider_Pale_Brown,Adult,No,2712,
S8_F13_P8,Brown_Orbweaver_4,Adult,No,2713,
S8_F13_P3,Striped_Orb_Weaver,Adult,No,2714,
S8_F13_P3,Ray_Orbweaver_sp.,Adult,No,2715,
S8_F13_P3,Ray_Orbweaver_sp.,Adult,No,2716,
S8_F13_P3,Dark_Brown_Hemi,Adult,Yes,2717,
S8_F13_P3,Brown_Spider,Adult,No,2718,
S8_F13_P4,Hoverfly,Adult,Yes,2719,
S8_F13_P4,White_Moth_Medium_2,Adult,Yes,2720,
S8_F13_P4,Minute_Brown_Scavenger_Beetle_sp._3,Adult,Yes,2721,
S8_F13_P4,White_Bug,Adult,No,2722,
S8_F13_P4,Spider_Abdomen_Patterned,Adult,No,2723,
S8_F13_P4,Sheet_Dwarf_sp._6,Adult,No,2724,
S8_F13_P4,Sheet_Dwarf_sp._6,Adult,No,2725,
S8_F13_P4,Sheet_Dwarf_sp._6,Adult,No,2726,
S8_F13_P9,Striped_Orb_Weaver,Adult,No,2727,
S8_F13_P9,Ray_Orbweaver_sp.,Adult,No,2728,
S8_F13_P14,Orange_Headed_Spider,Adult,No,2729,
S8_F13_P14,Brown_Spider,Adult,No,2730,
S8_F13_P14,Brown_Spider,Adult,No,2731,
S8_F13_P14,Brown_Spider,Adult,No,2732,
S8_F13_P14,Aphid_Orange,Adult,No,2733,
S8_F13_P14,Minute_Brown_Scavenger_Beetle_sp._3,Adult,Yes,2734,
S8_F13_P19,Orbweaver_Light_Brown,Adult,No,2735,
S8_F13_P19,Orbweaver_Light_Brown,Adult,No,2736,
S8_F13_P19,Minute_Brown_Scavenger_Beetle_sp._3,Adult,Yes,2737,
S8_F13_P19,Minute_Brown_Scavenger_Beetle_sp._3,Adult,Yes,2738,
S8_F13_P19,Minute_Brown_Scavenger_Beetle_sp._3,Adult,Yes,2739,
S8_F13_P19,Minute_Brown_Scavenger_Beetle_sp._3,Adult,Yes,2740,
S8_F13_P19,Minute_Brown_Scavenger_Beetle_sp._3,Adult,Yes,2741,
S8_F13_P19,Minute_Brown_Scavenger_Beetle_sp._3,Adult,Yes,2742,
S8_F13_P19,Minute_Brown_Scavenger_Beetle_sp._3,Adult,Yes,2743,
S8_F13_P19,Minute_Brown_Scavenger_Beetle_sp._3,Adult,Yes,2744,
S8_F13_P24,Minute_Brown_Scavenger_Beetle_sp._3,Adult,Yes,2745,
S8_F13_P24,Minute_Brown_Scavenger_Beetle_sp._3,Adult,Yes,2746,
S8_F13_P24,Minute_Brown_Scavenger_Beetle_sp._3,Adult,Yes,2747,
S8_F13_P24,Longlegged_Sac_Spider,Adult,No,2748,
S8_F13_P24,Sheet_Dwarf_sp._6,Adult,No,2749,
S8_F13_P24,Sheet_Dwarf_sp._6,Adult,No,2750,
S8_F13_P24,Sheet_Dwarf_sp._6,Adult,No,2751,
S8_F13_P29,Silver_Orb_Spider,Adult,No,2752,
S8_F13_P29,Sheet_Dwarf_sp._6,Adult,No,2753,
S8_F13_P29,Brown_Spider,Adult,No,2754,
S8_F13_P29,Orange_Headed_Spider,Adult,No,2755,
